SOCIETE;COMPTE SAGE;COMPTE UNIF; 
AGRIFARM;1010000;10100000;
AGRIFARM;1061000;10610000;
AGRIFARM;1100000;11000000;
AGRIFARM;1610000;16100000;
AGRIFARM;1620000;16200000;
AGRIFARM;1643000;16430000;
AGRIFARM;2040000;20400000;
AGRIFARM;2110000;21100000;
AGRIFARM;2120000;21200000;
AGRIFARM;2130000;21300000;
AGRIFARM;2150000;21500000;
AGRIFARM;2152000;21520000;
AGRIFARM;2153000;21530000;
AGRIFARM;2154000;21540000;
AGRIFARM;2181000;21810000;
AGRIFARM;2181100;21811000;
AGRIFARM;2182000;21820000;
AGRIFARM;2183000;21830000;
AGRIFARM;2184000;21840000;
AGRIFARM;2185000;21850000;
AGRIFARM;2186000;21860000;
AGRIFARM;2300000;23000000;
AGRIFARM;2320000;23200000;
AGRIFARM;2804000;28040000;
AGRIFARM;2812000;28120000;
AGRIFARM;2813000;28130000;
AGRIFARM;2815000;28150000;
AGRIFARM;2815200;28152000;
AGRIFARM;2815300;28153000;
AGRIFARM;2815400;28154000;
AGRIFARM;2818100;28181000;
AGRIFARM;2818110;28181100;
AGRIFARM;2818200;28182000;
AGRIFARM;2818300;28183000;
AGRIFARM;2818400;28184000;
AGRIFARM;2818500;28185000;
AGRIFARM;2818600;28186000;
AGRIFARM;3100000;31000000;
AGRIFARM;3510000;35100000;
AGRIFARM;4011000;40110000;
AGRIFARM;4012000;40120000;
AGRIFARM;4031000;40310000;
AGRIFARM;4032000;40320000;
AGRIFARM;4033000;40330000;
AGRIFARM;4034000;40340000;
AGRIFARM;4040000;40400000;
AGRIFARM;4081000;40810000;
AGRIFARM;4082000;40820000;
AGRIFARM;4091000;40910000;
AGRIFARM;4092000;40920000;
AGRIFARM;4111000;41110000;
AGRIFARM;4160000;41600000;
AGRIFARM;4181000;41810000;
AGRIFARM;4190000;41900000;
AGRIFARM;4198000;41980000;
AGRIFARM;4210000;42100000;
AGRIFARM;4250000;42500000;
AGRIFARM;4251000;42510000;
AGRIFARM;4252000;42520000;
AGRIFARM;4253000;42530000;
AGRIFARM;4254000;42540000;
AGRIFARM;4280000;42800000;
AGRIFARM;4310000;43100000;
AGRIFARM;4311000;43110000;
AGRIFARM;4320000;43200000;
AGRIFARM;4330000;43300000;
AGRIFARM;4370000;43500000;
AGRIFARM;4386000;43860000;
AGRIFARM;4400000;44000000;
AGRIFARM;4410000;44100000;
AGRIFARM;4430000;44300000;
AGRIFARM;4440000;44400000;
AGRIFARM;4441000;44410000;
AGRIFARM;4442000;44420000;
AGRIFARM;4443000;44430000;
AGRIFARM;4455000;44550000;
AGRIFARM;4456200;44562000;
AGRIFARM;4456300;44563000;
AGRIFARM;4456400;44564000;
AGRIFARM;4457100;44571000;
AGRIFARM;4458000;44580000;
AGRIFARM;4458300;44583000;
AGRIFARM;4551100;45511000;
AGRIFARM;4551400;45514000;
AGRIFARM;4620000;46200000;
AGRIFARM;4660000;46600000;
AGRIFARM;4661000;46610000;
AGRIFARM;4661000;46610000;
AGRIFARM;4661000;46610000;
AGRIFARM;4661000;46610000;
AGRIFARM;4661000;46610000;
AGRIFARM;4661000;46610000;
AGRIFARM;4661000;46610000;
AGRIFARM;4661000;46610000;
AGRIFARM;4661000;46610000;
AGRIFARM;4661000;46610000;
AGRIFARM;4661000;46610000;
AGRIFARM;4661000;46610000;
AGRIFARM;4661000;46610000;
AGRIFARM;4661000;46610000;
AGRIFARM;4661000;46610000;
AGRIFARM;4661000;46610000;
AGRIFARM;4661000;46610000;
AGRIFARM;4661000;46610000;
AGRIFARM;4662000;46620000;
AGRIFARM;4670000;46700000;
AGRIFARM;4670000;46700000;
AGRIFARM;4670000;46700000;
AGRIFARM;4670000;46700000;
AGRIFARM;4710000;47100000;
AGRIFARM;4720000;47200000;
AGRIFARM;4860000;48600000;
AGRIFARM;4910000;49100000;
AGRIFARM;5111000;51110000;
AGRIFARM;5114000;51140000;
AGRIFARM;5115000;51140000;
AGRIFARM;5120100;51201000;
AGRIFARM;5120200;51202000;
AGRIFARM;5121100;51211000;
AGRIFARM;5122100;51221000;
AGRIFARM;5123100;51231000;
AGRIFARM;5124100;51241000;
AGRIFARM;5180000;51800000;
AGRIFARM;5191000;51910000;
AGRIFARM;5192000;51920000;
AGRIFARM;5194000;51940000;
AGRIFARM;5195000;51950000;
AGRIFARM;5311000;53110000;
AGRIFARM;5320000;53200000;
AGRIFARM;5321000;53200000;
AGRIFARM;5330000;53300000;
AGRIFARM;5800000;58000000;
AGRIFARM;6010100;60101000;
AGRIFARM;6010110;60101000;
AGRIFARM;6010200;60102000;
AGRIFARM;6010300;60103000;
AGRIFARM;6010400;60103000;
AGRIFARM;6011000;60110000;
AGRIFARM;6011300;60110000;
AGRIFARM;6011400;60110000;
AGRIFARM;6020100;60201000;
AGRIFARM;6020500;60205000;
AGRIFARM;6020530;60205300;
AGRIFARM;6020600;60206000;
AGRIFARM;6020700;60206000;
AGRIFARM;6020800;60206000;
AGRIFARM;6020900;60209000;
AGRIFARM;6031000;60310000;
AGRIFARM;6035000;60310000;
AGRIFARM;6060600;60606000;
AGRIFARM;6060800;60608000;
AGRIFARM;6061000;60610000;
AGRIFARM;6062000;60620000;
AGRIFARM;6062100;60621000;
AGRIFARM;6063000;60630000;
AGRIFARM;6064000;60640000;
AGRIFARM;6064100;60641000;
AGRIFARM;6065000;60650000;
AGRIFARM;6067000;60670000;
AGRIFARM;6068000;60680000;
AGRIFARM;6069000;60690000;
AGRIFARM;6080100;60801000;
AGRIFARM;6080200;60802000;
AGRIFARM;6080300;60803000;
AGRIFARM;6080400;60804000;
AGRIFARM;6080700;60807000;
AGRIFARM;6080800;60808000;
AGRIFARM;6080900;60809000;
AGRIFARM;6081100;60811000;
AGRIFARM;6081110;60811100;
AGRIFARM;6081200;60812000;
AGRIFARM;6081700;60817000;
AGRIFARM;6110000;61100000;
AGRIFARM;6111000;61110000;
AGRIFARM;6130000;61300000;
AGRIFARM;6130200;61302000;
AGRIFARM;6130300;61303000;
AGRIFARM;6150000;61500000;
AGRIFARM;6150100;61501000;
AGRIFARM;6150200;61502000;
AGRIFARM;6150300;61503000;
AGRIFARM;6150500;61505000;
AGRIFARM;6150600;61506000;
AGRIFARM;6160100;61601000;
AGRIFARM;6160200;61602000;
AGRIFARM;6160300;61603000;
AGRIFARM;6160400;61604000;
AGRIFARM;6180100;61801000;
AGRIFARM;6180200;61802000;
AGRIFARM;6210000;62100000;
AGRIFARM;6210100;62101000;
AGRIFARM;6210200;62102000;
AGRIFARM;6210300;62103000;
AGRIFARM;6220100;62201000;
AGRIFARM;6220200;62202000;
AGRIFARM;6220300;62203000;
AGRIFARM;6220800;62208000;
AGRIFARM;6220900;62209000;
AGRIFARM;6230100;62301000;
AGRIFARM;6230200;62302000;
AGRIFARM;6230300;62303000;
AGRIFARM;6230400;62304000;
AGRIFARM;6240100;62401000;
AGRIFARM;6240200;62402000;
AGRIFARM;6240300;62403000;
AGRIFARM;6240400;62403000;
AGRIFARM;6250100;62501000;
AGRIFARM;6250300;62503000;
AGRIFARM;6250400;62504000;
AGRIFARM;6250500;62505000;
AGRIFARM;6250600;62506000;
AGRIFARM;6250700;62507000;
AGRIFARM;6260100;62601000;
AGRIFARM;6260200;62602000;
AGRIFARM;6260300;62603000;
AGRIFARM;6260700;62607000;
AGRIFARM;6260800;62608000;
AGRIFARM;6270100;62701000;
AGRIFARM;6270110;62701100;
AGRIFARM;6270200;62702000;
AGRIFARM;6270300;62703000;
AGRIFARM;6270400;62704000;
AGRIFARM;6270500;62705000;
AGRIFARM;6270600;62706000;
AGRIFARM;6270700;62707000;
AGRIFARM;6270800;62708000;
AGRIFARM;6270900;62709000;
AGRIFARM;6271000;62710000;
AGRIFARM;6271100;62711000;
AGRIFARM;6271110;62711000;
AGRIFARM;6271200;62712000;
AGRIFARM;6271300;62713000;
AGRIFARM;6271400;62714000;
AGRIFARM;6350100;63501000;
AGRIFARM;6350200;63502000;
AGRIFARM;6350300;63503000;
AGRIFARM;6350400;63504000;
AGRIFARM;6350600;63506000;
AGRIFARM;6350700;63507000;
AGRIFARM;6350800;63508000;
AGRIFARM;6350900;63508000;
AGRIFARM;6410100;64101000;
AGRIFARM;6410200;64102000;
AGRIFARM;6410300;64103000;
AGRIFARM;6410400;64104000;
AGRIFARM;6410500;64105000;
AGRIFARM;6410600;64106000;
AGRIFARM;6418000;64180000;
AGRIFARM;6418800;64180000;
AGRIFARM;6450100;64501000;
AGRIFARM;6450200;64502000;
AGRIFARM;6450400;64504000;
AGRIFARM;6450700;64505000;
AGRIFARM;6480100;64801000;
AGRIFARM;6480200;64802000;
AGRIFARM;6480300;64803000;
AGRIFARM;6480500;64805000;
AGRIFARM;6510000;65100000;
AGRIFARM;6560100;65601000;
AGRIFARM;6560200;65602000;
AGRIFARM;6570000;65700000;
AGRIFARM;6580000;65800000;
AGRIFARM;6610200;66102000;
AGRIFARM;6610300;66103000;
AGRIFARM;6610400;66104000;
AGRIFARM;6660000;66600000;
AGRIFARM;6688000;66880000;
AGRIFARM;6811200;68112000;
AGRIFARM;6950000;69500000;
AGRIFARM;7011000;70110000;
AGRIFARM;7011100;70110000;
AGRIFARM;7011400;70110000;
AGRIFARM;7012000;70120000;
AGRIFARM;7030000;70300000;
AGRIFARM;7071000;70710000;
AGRIFARM;7072000;70720000;
AGRIFARM;7080000;70800000;
AGRIFARM;7090000;70900000;
AGRIFARM;7580000;75800000;
AGRIFARM;7581000;75810000;
AGRIFARM;7650000;76500000;
AGRIFARM;7660000;76600000;
AGRIFARM;7850000;78500000;
AGRIFEED;10100000;10100000;
AGRIFEED;11000000;11000000;
AGRIFEED;11900000;11900000;
AGRIFEED;21100000;21100000;
AGRIFEED;21810000;21810000;
AGRIFEED;21820000;21820000;
AGRIFEED;21830000;21830000;
AGRIFEED;21840000;21840000;
AGRIFEED;21850000;21850000;
AGRIFEED;23000000;23000000;
AGRIFEED;23120000;23120000;
AGRIFEED;23130000;23130000;
AGRIFEED;23131000;23131000;
AGRIFEED;23140000;23140000;
AGRIFEED;23150000;23150000;
AGRIFEED;28181000;28181000;
AGRIFEED;28182000;28182000;
AGRIFEED;28183000;28183000;
AGRIFEED;28184000;28184000;
AGRIFEED;28185000;28185000;
AGRIFEED;31000000;31000000;
AGRIFEED;40100000;40100000;
AGRIFEED;40120000;40120000;
AGRIFEED;40231000;40231000;
AGRIFEED;40241000;40241000;
AGRIFEED;40340000;40340000;
AGRIFEED;40400000;40400000;
AGRIFEED;40800000;40800000;
AGRIFEED;42100000;42100000;
AGRIFEED;42110000;42110000;
AGRIFEED;42500000;42500000;
AGRIFEED;42510000;42510000;
AGRIFEED;42820000;42820000;
AGRIFEED;43100000;43100000;
AGRIFEED;43110000;43110000;
AGRIFEED;43200000;43200000;
AGRIFEED;43300000;43300000;
AGRIFEED;43400000;43400000;
AGRIFEED;44100000;44100000;
AGRIFEED;44410000;44410000;
AGRIFEED;44420000;44420000;
AGRIFEED;44550000;44550000;
AGRIFEED;44564000;44564000;
AGRIFEED;45511000;45511000;
AGRIFEED;46610000;46610000;
AGRIFEED;46700000;46700000;
AGRIFEED;48600000;48600000;
AGRIFEED;51231000;51231000;
AGRIFEED;51241000;51241000;
AGRIFEED;51261000;51261000;
AGRIFEED;53100000;53100000;
AGRIFEED;53600000;53600000;
AGRIFEED;60101200;60101000;
AGRIFEED;60301000;60301000;
AGRIFEED;60602000;60602000;
AGRIFEED;60603000;60603000;
AGRIFEED;60604000;60604000;
AGRIFEED;60605000;60605000;
AGRIFEED;60607000;60607000;
AGRIFEED;60608000;60608000;
AGRIFEED;60609000;60609000;
AGRIFEED;60609100;60609100;
AGRIFEED;60609200;60609200;
AGRIFEED;60801000;60801000;
AGRIFEED;60802000;60802000;
AGRIFEED;60804000;60804000;
AGRIFEED;60806000;60806000;
AGRIFEED;60808000;60808000;
AGRIFEED;60812000;60812000;
AGRIFEED;60880000;60880000;
AGRIFEED;61302000;61302000;
AGRIFEED;61500000;61500000;
AGRIFEED;61502000;61502000;
AGRIFEED;61503000;61503000;
AGRIFEED;61602000;61602000;
AGRIFEED;61604000;61604000;
AGRIFEED;61802000;61802000;
AGRIFEED;62100000;62100000;
AGRIFEED;62102000;62102000;
AGRIFEED;62103000;62103000;
AGRIFEED;62201000;62201000;
AGRIFEED;62203000;62203000;
AGRIFEED;62208000;62208000;
AGRIFEED;62303000;62303000;
AGRIFEED;62401000;62401000;
AGRIFEED;62501000;62501000;
AGRIFEED;62506000;62506000;
AGRIFEED;62507000;62507000;
AGRIFEED;62602000;62602000;
AGRIFEED;62603000;62603000;
AGRIFEED;62703000;62703000;
AGRIFEED;62707000;62707000;
AGRIFEED;63504000;63504000;
AGRIFEED;64101000;64101000;
AGRIFEED;64102000;64102000;
AGRIFEED;64103000;64103000;
AGRIFEED;64104000;64104000;
AGRIFEED;64105000;64105000;
AGRIFEED;64180000;64180000;
AGRIFEED;64188000;64180000;
AGRIFEED;64501000;64501000;
AGRIFEED;64502000;64502000;
AGRIFEED;64504000;64504000;
AGRIFEED;64580000;64580000;
AGRIFEED;64801000;64801000;
AGRIFEED;64803000;64803000;
AGRIFEED;65100000;65100000;
AGRIFEED;65700000;65700000;
AGRIFEED;65800000;65800000;
AGRIFEED;66600000;66600000;
AGRIFEED;68112000;68112000;
AGRIFEED;69500000;69500000;
AGRIFEED;72000000;72000000;
AGRIFEED;75800000;75800000;
AGRIFEED;75810000;75810000;
AGRIFEED;76500000;76500000;
AGRIFEED;76600000;76600000;
AGRIKOBA;1010000;10100000;
AGRIKOBA;1190000;11900000;
AGRIKOBA;1290000;12900000;
AGRIKOBA;1640000;16400000;
AGRIKOBA;1641000;16410000;
AGRIKOBA;2110000;21100000;
AGRIKOBA;2120000;21200000;
AGRIKOBA;2130000;21300000;
AGRIKOBA;2150000;21500000;
AGRIKOBA;2155000;21550000;
AGRIKOBA;2181000;21810000;
AGRIKOBA;2182000;21820000;
AGRIKOBA;2183000;21830000;
AGRIKOBA;2184000;21840000;
AGRIKOBA;2185000;21850000;
AGRIKOBA;2186000;21860000;
AGRIKOBA;2300000;23000000;
AGRIKOBA;2750000;27500000;
AGRIKOBA;2812000;28120000;
AGRIKOBA;2813000;28130000;
AGRIKOBA;2815000;28150000;
AGRIKOBA;2815500;28155000;
AGRIKOBA;2818100;28181000;
AGRIKOBA;2818200;28182000;
AGRIKOBA;2818300;28183000;
AGRIKOBA;2818400;28184000;
AGRIKOBA;3100000;31000000;
AGRIKOBA;3110000;31100000;
AGRIKOBA;3550000;35500000;
AGRIKOBA;4011000;40110000;
AGRIKOBA;4012000;40120000;
AGRIKOBA;4034000;40340000;
AGRIKOBA;4081000;40810000;
AGRIKOBA;4091000;40910000;
AGRIKOBA;4092000;40920000;
AGRIKOBA;4111000;41110000;
AGRIKOBA;4190000;41900000;
AGRIKOBA;4210000;42100000;
AGRIKOBA;4211000;42110000;
AGRIKOBA;4250000;42500000;
AGRIKOBA;4252000;42520000;
AGRIKOBA;4254000;42540000;
AGRIKOBA;4280000;42800000;
AGRIKOBA;4310000;43100000;
AGRIKOBA;4311000;43110000;
AGRIKOBA;4320000;43200000;
AGRIKOBA;4330000;43300000;
AGRIKOBA;4386000;43860000;
AGRIKOBA;4400000;44000000;
AGRIKOBA;4410000;44100000;
AGRIKOBA;4430000;44300000;
AGRIKOBA;4435000;44440000;
AGRIKOBA;4443000;44430000;
AGRIKOBA;4454000;44540000;
AGRIKOBA;4455000;44550000;
AGRIKOBA;4456200;44562000;
AGRIKOBA;4456400;44564000;
AGRIKOBA;4457200;44572000;
AGRIKOBA;4457700;44577000;
AGRIKOBA;4458000;44580000;
AGRIKOBA;4551000;45510000;
AGRIKOBA;4551100;45511000;
AGRIKOBA;4551400;45514000;
AGRIKOBA;4551500;45515000;
AGRIKOBA;4620000;46200000;
AGRIKOBA;4661000;46610000;
AGRIKOBA;4661000;46610000;
AGRIKOBA;4661000;46610000;
AGRIKOBA;4661000;46610000;
AGRIKOBA;4661000;46610000;
AGRIKOBA;4661000;46610000;
AGRIKOBA;4661000;46610000;
AGRIKOBA;4661000;46610000;
AGRIKOBA;4670000;46700000;
AGRIKOBA;4670000;46700000;
AGRIKOBA;4670000;46700000;
AGRIKOBA;4670000;46700000;
AGRIKOBA;4670000;46700000;
AGRIKOBA;4670000;46700000;
AGRIKOBA;4860000;48600000;
AGRIKOBA;4870000;48700000;
AGRIKOBA;5112241;51122410;
AGRIKOBA;5120200;51202000;
AGRIKOBA;5122100;51221000;
AGRIKOBA;5123100;51231000;
AGRIKOBA;5124100;51241000;
AGRIKOBA;5180000;51800000;
AGRIKOBA;5191000;51910000;
AGRIKOBA;5192000;51920000;
AGRIKOBA;5310000;53100000;
AGRIKOBA;5311000;53110000;
AGRIKOBA;6010100;60101000;
AGRIKOBA;6011000;60110000;
AGRIKOBA;6020100;60201000;
AGRIKOBA;6020500;60205000;
AGRIKOBA;6020530;60205300;
AGRIKOBA;6031000;60310000;
AGRIKOBA;6060800;60608000;
AGRIKOBA;6061000;60610000;
AGRIKOBA;6062000;60620000;
AGRIKOBA;6064000;60640000;
AGRIKOBA;6064100;60641000;
AGRIKOBA;6065000;60650000;
AGRIKOBA;6067000;60670000;
AGRIKOBA;6068000;60680000;
AGRIKOBA;6069000;60690000;
AGRIKOBA;6080100;60801000;
AGRIKOBA;6080300;60803000;
AGRIKOBA;6080400;60804000;
AGRIKOBA;6080600;60806000;
AGRIKOBA;6080700;60807000;
AGRIKOBA;6080800;60808000;
AGRIKOBA;6081100;60811000;
AGRIKOBA;6081110;60811100;
AGRIKOBA;6081200;60812000;
AGRIKOBA;6111000;61110000;
AGRIKOBA;6130000;61300000;
AGRIKOBA;6130100;61301000;
AGRIKOBA;6130200;61302000;
AGRIKOBA;6130300;61303000;
AGRIKOBA;6150000;61500000;
AGRIKOBA;6150100;61501000;
AGRIKOBA;6150200;61502000;
AGRIKOBA;6150300;61503000;
AGRIKOBA;6150400;61504000;
AGRIKOBA;6150500;61505000;
AGRIKOBA;6160100;61601000;
AGRIKOBA;6160200;61602000;
AGRIKOBA;6160300;61603000;
AGRIKOBA;6160400;61604000;
AGRIKOBA;6180100;61801000;
AGRIKOBA;6180200;61802000;
AGRIKOBA;6210000;62100000;
AGRIKOBA;6210100;62101000;
AGRIKOBA;6210200;62102000;
AGRIKOBA;6210300;62103000;
AGRIKOBA;6220100;62201000;
AGRIKOBA;6220200;62202000;
AGRIKOBA;6220300;62203000;
AGRIKOBA;6220800;62208000;
AGRIKOBA;6230100;62301000;
AGRIKOBA;6230200;62302000;
AGRIKOBA;6230300;62303000;
AGRIKOBA;6230400;62304000;
AGRIKOBA;6240100;62401000;
AGRIKOBA;6240200;62402000;
AGRIKOBA;6240300;62403000;
AGRIKOBA;6250100;62501000;
AGRIKOBA;6250300;62503000;
AGRIKOBA;6250400;62504000;
AGRIKOBA;6250500;62505000;
AGRIKOBA;6250600;62506000;
AGRIKOBA;6250700;62507000;
AGRIKOBA;6250800;62508000;
AGRIKOBA;6260100;62601000;
AGRIKOBA;6260200;62602000;
AGRIKOBA;6260300;62603000;
AGRIKOBA;6260400;62604000;
AGRIKOBA;6260700;62607000;
AGRIKOBA;6260800;62608000;
AGRIKOBA;6270100;62701000;
AGRIKOBA;6270110;62701100;
AGRIKOBA;6270300;62703000;
AGRIKOBA;6270400;62704000;
AGRIKOBA;6270500;62705000;
AGRIKOBA;6270600;62706000;
AGRIKOBA;6270800;62708000;
AGRIKOBA;6270900;62709000;
AGRIKOBA;6271000;62710000;
AGRIKOBA;6271110;62711000;
AGRIKOBA;6271200;62712000;
AGRIKOBA;6271300;62713000;
AGRIKOBA;6350100;63501000;
AGRIKOBA;6350300;63503000;
AGRIKOBA;6350400;63504000;
AGRIKOBA;6350600;63506000;
AGRIKOBA;6350700;63507000;
AGRIKOBA;6350800;63508000;
AGRIKOBA;6410100;64101000;
AGRIKOBA;6410200;64102000;
AGRIKOBA;6410300;64103000;
AGRIKOBA;6410400;64104000;
AGRIKOBA;6410500;64105000;
AGRIKOBA;6418000;64180000;
AGRIKOBA;6418800;64180000;
AGRIKOBA;6450100;64501000;
AGRIKOBA;6450200;64502000;
AGRIKOBA;6450400;64504000;
AGRIKOBA;6458000;64580000;
AGRIKOBA;6480100;64801000;
AGRIKOBA;6480200;64802000;
AGRIKOBA;6480300;64803000;
AGRIKOBA;6480500;64805000;
AGRIKOBA;6510000;65100000;
AGRIKOBA;6560200;65602000;
AGRIKOBA;6570000;65700000;
AGRIKOBA;6571000;65710000;
AGRIKOBA;6580000;65800000;
AGRIKOBA;6610100;66101000;
AGRIKOBA;6610200;66102000;
AGRIKOBA;6610300;66103000;
AGRIKOBA;6610400;66104000;
AGRIKOBA;6660000;66600000;
AGRIKOBA;6811200;68112000;
AGRIKOBA;6850000;68112000;
AGRIKOBA;6951000;69500000;
AGRIKOBA;6980000;69500000;
AGRIKOBA;7011000;70110000;
AGRIKOBA;7012000;70120000;
AGRIKOBA;7060000;70600000;
AGRIKOBA;7090000;70900000;
AGRIKOBA;7140000;71400000;
AGRIKOBA;7480000;75200000;
AGRIKOBA;7580000;75800000;
AGRIKOBA;7581000;75810000;
AGRIKOBA;7660000;76600000;
AGRIKOBA;7850000;78500000;
AGRIMOTORS;1010000;10100000;
AGRIMOTORS;1280000;12800000;
AGRIMOTORS;1290000;12900000;
AGRIMOTORS;2150000;21500000;
AGRIMOTORS;2181000;21810000;
AGRIMOTORS;2182000;21820000;
AGRIMOTORS;2184000;21840000;
AGRIMOTORS;2187000;21870000;
AGRIMOTORS;2750000;27500000;
AGRIMOTORS;2815000;28150000;
AGRIMOTORS;2818100;28181000;
AGRIMOTORS;2818200;28182000;
AGRIMOTORS;2818400;28184000;
AGRIMOTORS;2818700;28187000;
AGRIMOTORS;3710000;37100000;
AGRIMOTORS;4011000;40110000;
AGRIMOTORS;4012000;40120000;
AGRIMOTORS;4081000;40810000;
AGRIMOTORS;4091000;40910000;
AGRIMOTORS;4092000;40920000;
AGRIMOTORS;4111000;41110000;
AGRIMOTORS;4130000;41300000;
AGRIMOTORS;4210000;42100000;
AGRIMOTORS;4251000;42510000;
AGRIMOTORS;4280000;42800000;
AGRIMOTORS;4310000;43100000;
AGRIMOTORS;4311000;43110000;
AGRIMOTORS;4320000;43200000;
AGRIMOTORS;4330000;43300000;
AGRIMOTORS;4410000;44100000;
AGRIMOTORS;4443000;44430000;
AGRIMOTORS;4455000;44550000;
AGRIMOTORS;4456000;44560000;
AGRIMOTORS;4456200;44562000;
AGRIMOTORS;4456400;44564000;
AGRIMOTORS;4457000;44570000;
AGRIMOTORS;4458000;44580000;
AGRIMOTORS;4661000;46610000;
AGRIMOTORS;4663000;46630000;
AGRIMOTORS;4664000;46640000;
AGRIMOTORS;4670000;46700000;
AGRIMOTORS;4670001;46700010;
AGRIMOTORS;4670002;46700012;
AGRIMOTORS;4670005;46700012;
AGRIMOTORS;4670006;46700012;
AGRIMOTORS;4670007;46700012;
AGRIMOTORS;4670008;46700012;
AGRIMOTORS;4710000;47100000;
AGRIMOTORS;4720000;47200000;
AGRIMOTORS;4860000;48600000;
AGRIMOTORS;5111000;51110000;
AGRIMOTORS;5112241;51122410;
AGRIMOTORS;5114000;51140000;
AGRIMOTORS;5120100;51201000;
AGRIMOTORS;5120400;51202000;
AGRIMOTORS;5123100;51231000;
AGRIMOTORS;5124100;51241000;
AGRIMOTORS;5310000;53100000;
AGRIMOTORS;5311000;53110000;
AGRIMOTORS;5312000;53120000;
AGRIMOTORS;5313000;53120000;
AGRIMOTORS;5320000;53200000;
AGRIMOTORS;5800000;58000000;
AGRIMOTORS;6037000;60370000;
AGRIMOTORS;6040000;60400000;
AGRIMOTORS;6061000;60610000;
AGRIMOTORS;6062000;60620000;
AGRIMOTORS;6063000;60630000;
AGRIMOTORS;6064000;60640000;
AGRIMOTORS;6065000;60650000;
AGRIMOTORS;6068000;60680000;
AGRIMOTORS;6071000;60710000;
AGRIMOTORS;6080100;60801000;
AGRIMOTORS;6080300;60803000;
AGRIMOTORS;6080400;60804000;
AGRIMOTORS;6080700;60807000;
AGRIMOTORS;6081100;60811000;
AGRIMOTORS;6081110;60811100;
AGRIMOTORS;6081200;60812000;
AGRIMOTORS;6090000;60900000;
AGRIMOTORS;6097000;60940000;
AGRIMOTORS;6130000;61300000;
AGRIMOTORS;6130100;61301000;
AGRIMOTORS;6150000;61500000;
AGRIMOTORS;6150300;61503000;
AGRIMOTORS;6160200;61602000;
AGRIMOTORS;6210000;62100000;
AGRIMOTORS;6210200;62102000;
AGRIMOTORS;6250600;62506000;
AGRIMOTORS;6250700;62507000;
AGRIMOTORS;6260200;62602000;
AGRIMOTORS;6260300;62603000;
AGRIMOTORS;6265000;62608000;
AGRIMOTORS;6270100;62701000;
AGRIMOTORS;6270300;62703000;
AGRIMOTORS;6270400;62704000;
AGRIMOTORS;6270500;62705000;
AGRIMOTORS;6270600;62706000;
AGRIMOTORS;6270800;62708000;
AGRIMOTORS;6270900;62709000;
AGRIMOTORS;6271100;62711000;
AGRIMOTORS;6271200;62712000;
AGRIMOTORS;6350600;63506000;
AGRIMOTORS;6350700;63507000;
AGRIMOTORS;6410100;64101000;
AGRIMOTORS;6410130;64101300;
AGRIMOTORS;6410200;64102000;
AGRIMOTORS;6410300;64103000;
AGRIMOTORS;6410500;64105000;
AGRIMOTORS;6418000;64180000;
AGRIMOTORS;6418800;64180000;
AGRIMOTORS;6450100;64501000;
AGRIMOTORS;6450200;64502000;
AGRIMOTORS;6450500;64505000;
AGRIMOTORS;6510000;65100000;
AGRIMOTORS;6570000;65700000;
AGRIMOTORS;6580000;65800000;
AGRIMOTORS;6610200;66102000;
AGRIMOTORS;6660000;66600000;
AGRIMOTORS;6811200;68112000;
AGRIMOTORS;6950000;69500000;
AGRIMOTORS;7071000;70710000;
AGRIMOTORS;7072000;70720000;
AGRIMOTORS;7580000;75800000;
AGRIMOTORS;7581000;75810000;
AGRIMOTORS;7650000;76500000;
AGRIVAL;1010000;10100000;
AGRIVAL;1061000;10610000;
AGRIVAL;1100000;11000000;
AGRIVAL;1620000;16200000;
AGRIVAL;1642000;16420000;
AGRIVAL;1644000;16440000;
AGRIVAL;1645000;16440000;
AGRIVAL;1650000;16500000;
AGRIVAL;2040000;20400000;
AGRIVAL;2050000;20500000;
AGRIVAL;2110000;21100000;
AGRIVAL;2120000;21200000;
AGRIVAL;2130000;21300000;
AGRIVAL;2150000;21500000;
AGRIVAL;2152000;21520000;
AGRIVAL;2153000;21530000;
AGRIVAL;2181000;21810000;
AGRIVAL;2182000;21820000;
AGRIVAL;2183000;21830000;
AGRIVAL;2184000;21840000;
AGRIVAL;2185000;21850000;
AGRIVAL;2300000;23000000;
AGRIVAL;2610000;26100000;
AGRIVAL;2750000;27500000;
AGRIVAL;2804000;28040000;
AGRIVAL;2805000;28050000;
AGRIVAL;2812000;28120000;
AGRIVAL;2813000;28130000;
AGRIVAL;2815000;28150000;
AGRIVAL;2815200;28152000;
AGRIVAL;2815300;28153000;
AGRIVAL;2818100;28181000;
AGRIVAL;2818200;28182000;
AGRIVAL;2818300;28183000;
AGRIVAL;2818400;28184000;
AGRIVAL;2818500;28185000;
AGRIVAL;3100000;31000000;
AGRIVAL;3550000;35500000;
AGRIVAL;3800000;38000000;
AGRIVAL;4011000;40110000;
AGRIVAL;4012000;40120000;
AGRIVAL;4031000;40310000;
AGRIVAL;4032000;40320000;
AGRIVAL;4033000;40330000;
AGRIVAL;4081000;40810000;
AGRIVAL;4091000;40910000;
AGRIVAL;4092000;40920000;
AGRIVAL;4111000;41110000;
AGRIVAL;4130000;41300000;
AGRIVAL;4160000;41600000;
AGRIVAL;4181000;41810000;
AGRIVAL;4190000;41900000;
AGRIVAL;4198000;41980000;
AGRIVAL;4210000;42100000;
AGRIVAL;4251000;42510000;
AGRIVAL;4252000;42520000;
AGRIVAL;4254000;42540000;
AGRIVAL;4280000;42800000;
AGRIVAL;4310000;43100000;
AGRIVAL;4311000;43110000;
AGRIVAL;4320000;43200000;
AGRIVAL;4322000;43220000;
AGRIVAL;4330000;43300000;
AGRIVAL;4370000;43500000;
AGRIVAL;4386000;43860000;
AGRIVAL;4410000;44100000;
AGRIVAL;4430000;44300000;
AGRIVAL;4440000;44400000;
AGRIVAL;4441000;44410000;
AGRIVAL;4442000;44420000;
AGRIVAL;4443000;44430000;
AGRIVAL;4455000;44550000;
AGRIVAL;4456100;44561000;
AGRIVAL;4456200;44562000;
AGRIVAL;4456300;44563000;
AGRIVAL;4456400;44564000;
AGRIVAL;4456500;44565000;
AGRIVAL;4457100;44571000;
AGRIVAL;4458300;44583000;
AGRIVAL;4551100;45511000;
AGRIVAL;4551400;45514000;
AGRIVAL;4553000;45530000;
AGRIVAL;4554000;45540000;
AGRIVAL;4555000;45550000;
AGRIVAL;4660000;46600000;
AGRIVAL;4661000;46610000;
AGRIVAL;4661000;46610000;
AGRIVAL;4662000;46620000;
AGRIVAL;4670000;46700000;
AGRIVAL;4670000;46700000;
AGRIVAL;4710000;47100000;
AGRIVAL;4860000;48600000;
AGRIVAL;4870000;48700000;
AGRIVAL;4910000;49100000;
AGRIVAL;5111000;51110000;
AGRIVAL;5112211;51122410;
AGRIVAL;5113000;51130000;
AGRIVAL;5114000;51140000;
AGRIVAL;5120100;51201000;
AGRIVAL;5120200;51202000;
AGRIVAL;5121100;51211000;
AGRIVAL;5122100;51221000;
AGRIVAL;5123100;51231000;
AGRIVAL;5124100;51241000;
AGRIVAL;5124400;51244000;
AGRIVAL;5126000;51260000;
AGRIVAL;5126400;51264000;
AGRIVAL;5127000;51270000;
AGRIVAL;5180000;51800000;
AGRIVAL;5191000;51910000;
AGRIVAL;5192000;51920000;
AGRIVAL;5194000;51940000;
AGRIVAL;5195000;51950000;
AGRIVAL;5311000;53110000;
AGRIVAL;5330000;53300000;
AGRIVAL;6010300;60103000;
AGRIVAL;6011000;60110000;
AGRIVAL;6011300;60110000;
AGRIVAL;6012000;60120000;
AGRIVAL;6020100;60201000;
AGRIVAL;6020500;60205000;
AGRIVAL;6020530;60205300;
AGRIVAL;6020600;60206000;
AGRIVAL;6020900;60209000;
AGRIVAL;6031000;60310000;
AGRIVAL;6038000;60380000;
AGRIVAL;6060800;60608000;
AGRIVAL;6061000;60610000;
AGRIVAL;6062000;60620000;
AGRIVAL;6063000;60630000;
AGRIVAL;6064000;60640000;
AGRIVAL;6064100;60641000;
AGRIVAL;6065000;60650000;
AGRIVAL;6066000;60660000;
AGRIVAL;6067000;60670000;
AGRIVAL;6068000;60680000;
AGRIVAL;6069000;60690000;
AGRIVAL;6071000;60710000;
AGRIVAL;6080100;60801000;
AGRIVAL;6080200;60802000;
AGRIVAL;6080300;60803000;
AGRIVAL;6080400;60804000;
AGRIVAL;6080500;60805000;
AGRIVAL;6080600;60806000;
AGRIVAL;6080700;60807000;
AGRIVAL;6080800;60808000;
AGRIVAL;6080900;60809000;
AGRIVAL;6081100;60811000;
AGRIVAL;6081110;60811100;
AGRIVAL;6081200;60812000;
AGRIVAL;6081700;60817000;
AGRIVAL;6081800;60818000;
AGRIVAL;6088000;60880000;
AGRIVAL;6090000;60900000;
AGRIVAL;6130000;61300000;
AGRIVAL;6130100;61301000;
AGRIVAL;6130200;61302000;
AGRIVAL;6130300;61303000;
AGRIVAL;6150000;61500000;
AGRIVAL;6150100;61501000;
AGRIVAL;6150300;61503000;
AGRIVAL;6150400;61504000;
AGRIVAL;6150500;61505000;
AGRIVAL;6160100;61601000;
AGRIVAL;6160200;61602000;
AGRIVAL;6160300;61603000;
AGRIVAL;6160400;61604000;
AGRIVAL;6180200;61802000;
AGRIVAL;6210000;62100000;
AGRIVAL;6210100;62101000;
AGRIVAL;6210200;62102000;
AGRIVAL;6210300;62103000;
AGRIVAL;6220100;62201000;
AGRIVAL;6220200;62202000;
AGRIVAL;6220300;62203000;
AGRIVAL;6220800;62208000;
AGRIVAL;6220900;62209000;
AGRIVAL;6230200;62302000;
AGRIVAL;6230300;62303000;
AGRIVAL;6230400;62304000;
AGRIVAL;6240100;62401000;
AGRIVAL;6240200;62402000;
AGRIVAL;6240300;62403000;
AGRIVAL;6250100;62501000;
AGRIVAL;6250200;62502000;
AGRIVAL;6250400;62504000;
AGRIVAL;6250500;62505000;
AGRIVAL;6250600;62506000;
AGRIVAL;6250700;62507000;
AGRIVAL;6260100;62601000;
AGRIVAL;6260200;62602000;
AGRIVAL;6260300;62603000;
AGRIVAL;6260400;62604000;
AGRIVAL;6260500;62605000;
AGRIVAL;6260700;62607000;
AGRIVAL;6260800;62608000;
AGRIVAL;6270100;62701000;
AGRIVAL;6270110;62701100;
AGRIVAL;6270200;62702000;
AGRIVAL;6270300;62703000;
AGRIVAL;6270400;62704000;
AGRIVAL;6270500;62705000;
AGRIVAL;6270600;62706000;
AGRIVAL;6270700;62707000;
AGRIVAL;6270800;62708000;
AGRIVAL;6270900;62709000;
AGRIVAL;6271000;62710000;
AGRIVAL;6271100;62711000;
AGRIVAL;6271200;62712000;
AGRIVAL;6271300;62713000;
AGRIVAL;6271400;62714000;
AGRIVAL;6350100;63501000;
AGRIVAL;6350400;63504000;
AGRIVAL;6350600;63506000;
AGRIVAL;6350700;63507000;
AGRIVAL;6350800;63508000;
AGRIVAL;6410100;64101000;
AGRIVAL;6410200;64102000;
AGRIVAL;6410300;64103000;
AGRIVAL;6410400;64104000;
AGRIVAL;6410500;64105000;
AGRIVAL;6418000;64180000;
AGRIVAL;6418800;64180000;
AGRIVAL;6450100;64501000;
AGRIVAL;6450200;64502000;
AGRIVAL;6450300;64503000;
AGRIVAL;6450400;64504000;
AGRIVAL;6450700;64505000;
AGRIVAL;6480100;64801000;
AGRIVAL;6480300;64803000;
AGRIVAL;6480500;64805000;
AGRIVAL;6510000;65100000;
AGRIVAL;6520000;65200000;
AGRIVAL;6541000;65200000;
AGRIVAL;6560100;65601000;
AGRIVAL;6560200;65602000;
AGRIVAL;6570000;65700000;
AGRIVAL;6580000;65800000;
AGRIVAL;6610100;66101000;
AGRIVAL;6610200;66102000;
AGRIVAL;6610300;66103000;
AGRIVAL;6610400;66104000;
AGRIVAL;6660000;66600000;
AGRIVAL;6811200;68112000;
AGRIVAL;6850000;68112000;
AGRIVAL;6980000;69500000;
AGRIVAL;7010100;70101000;
AGRIVAL;7011000;70110000;
AGRIVAL;7012000;70120000;
AGRIVAL;7060000;70600000;
AGRIVAL;7071000;70710000;
AGRIVAL;7072000;70720000;
AGRIVAL;7080000;70800000;
AGRIVAL;7083000;70830000;
AGRIVAL;7090000;70900000;
AGRIVAL;7140000;71400000;
AGRIVAL;7520000;75200000;
AGRIVAL;7580000;75800000;
AGRIVAL;7581000;75810000;
AGRIVAL;7585000;75850000;
AGRIVAL;7650000;76500000;
AGRIVAL;7660000;76600000;
AGRIVAL;7850000;78500000;
AGRIVET;1010000;10100000;
AGRIVET;1061000;10610000;
AGRIVET;1062000;10620000;
AGRIVET;1100000;11000000;
AGRIVET;1642000;16420000;
AGRIVET;1643000;16430000;
AGRIVET;2040000;20400000;
AGRIVET;2080000;20800000;
AGRIVET;2120000;21200000;
AGRIVET;2130000;21300000;
AGRIVET;2150000;21500000;
AGRIVET;2151000;21510000;
AGRIVET;2152000;21520000;
AGRIVET;2181000;21810000;
AGRIVET;2182000;21820000;
AGRIVET;2183000;21830000;
AGRIVET;2184000;21840000;
AGRIVET;2185000;21850000;
AGRIVET;2186000;21860000;
AGRIVET;2187000;21870000;
AGRIVET;2300000;23000000;
AGRIVET;2610000;26100000;
AGRIVET;2750000;27500000;
AGRIVET;2804000;28040000;
AGRIVET;2808000;28080000;
AGRIVET;2812000;28120000;
AGRIVET;2813000;28130000;
AGRIVET;2815000;28150000;
AGRIVET;2815100;28151000;
AGRIVET;2815200;28152000;
AGRIVET;2818100;28181000;
AGRIVET;2818200;28182000;
AGRIVET;2818300;28183000;
AGRIVET;2818400;28184000;
AGRIVET;2818500;28185000;
AGRIVET;2818600;28186000;
AGRIVET;2818700;28187000;
AGRIVET;3100000;31000000;
AGRIVET;3550000;35500000;
AGRIVET;3710000;37100000;
AGRIVET;3800000;38000000;
AGRIVET;4011000;40110000;
AGRIVET;4012000;40120000;
AGRIVET;4031000;40310000;
AGRIVET;4032000;40320000;
AGRIVET;4034000;40340000;
AGRIVET;4081000;40810000;
AGRIVET;4091000;40910000;
AGRIVET;4092000;40920000;
AGRIVET;4111000;41110000;
AGRIVET;4130000;41300000;
AGRIVET;4160000;41600000;
AGRIVET;4190000;41900000;
AGRIVET;4198000;41980000;
AGRIVET;4210000;42100000;
AGRIVET;4250000;42500000;
AGRIVET;4251000;42510000;
AGRIVET;4252000;42520000;
AGRIVET;4254000;42540000;
AGRIVET;4280000;42800000;
AGRIVET;4310000;43100000;
AGRIVET;4311000;43110000;
AGRIVET;4320000;43200000;
AGRIVET;4323000;43230000;
AGRIVET;4330000;43300000;
AGRIVET;4386000;43860000;
AGRIVET;4410000;44100000;
AGRIVET;4430000;44300000;
AGRIVET;4440000;44400000;
AGRIVET;4441000;44410000;
AGRIVET;4441;44410000;
AGRIVET;4442000;44420000;
AGRIVET;4455000;44550000;
AGRIVET;4456100;44561000;
AGRIVET;4456200;44562000;
AGRIVET;4456300;44563000;
AGRIVET;4456400;44564000;
AGRIVET;4456500;44565000;
AGRIVET;4457100;44571000;
AGRIVET;4458000;44580000;
AGRIVET;4458300;44583000;
AGRIVET;4510000;44600000;
AGRIVET;4550000;45500000;
AGRIVET;4551000;45510000;
AGRIVET;4551100;45511000;
AGRIVET;4620000;46200000;
AGRIVET;4660000;46600000;
AGRIVET;4661000;46610000;
AGRIVET;4661000;46610000;
AGRIVET;4662000;46620000;
AGRIVET;4670000;46700000;
AGRIVET;4670000;46700000;
AGRIVET;4860000;48600000;
AGRIVET;4910000;49100000;
AGRIVET;4966000;49660000;
AGRIVET;5111000;51110000;
AGRIVET;5112000;51120000;
AGRIVET;5112211;51122410;
AGRIVET;5112212;51122410;
AGRIVET;5112221;51122410;
AGRIVET;5113000;51130000;
AGRIVET;5114000;51140000;
AGRIVET;5120100;51201000;
AGRIVET;5120200;51202000;
AGRIVET;5121100;51211000;
AGRIVET;5121101;51211010;
AGRIVET;5121200;51212000;
AGRIVET;5121300;51213000;
AGRIVET;5122100;51221000;
AGRIVET;5122101;51221000;
AGRIVET;5123100;51231000;
AGRIVET;5123101;51231010;
AGRIVET;5124100;51241000;
AGRIVET;5180000;51800000;
AGRIVET;5191000;51910000;
AGRIVET;5192000;51920000;
AGRIVET;5194000;51940000;
AGRIVET;5195000;51950000;
AGRIVET;5310000;53100000;
AGRIVET;5311000;53110000;
AGRIVET;5320000;53200000;
AGRIVET;5322000;53220000;
AGRIVET;6010100;60101000;
AGRIVET;6010110;60101000;
AGRIVET;6011000;60110000;
AGRIVET;6020100;60201000;
AGRIVET;6031000;60310000;
AGRIVET;6037000;60370000;
AGRIVET;6038000;60380000;
AGRIVET;6040000;60400000;
AGRIVET;6060800;60608000;
AGRIVET;6061000;60610000;
AGRIVET;6062000;60620000;
AGRIVET;6062100;60621000;
AGRIVET;6064000;60640000;
AGRIVET;6065000;60650000;
AGRIVET;6067000;60670000;
AGRIVET;6068000;60680000;
AGRIVET;6069000;60690000;
AGRIVET;6071000;60710000;
AGRIVET;6072000;60720000;
AGRIVET;6080100;60801000;
AGRIVET;6080200;60802000;
AGRIVET;6080300;60803000;
AGRIVET;6080400;60804000;
AGRIVET;6080600;60806000;
AGRIVET;6080700;60807000;
AGRIVET;6080800;60808000;
AGRIVET;6080900;60809000;
AGRIVET;6081100;60811000;
AGRIVET;6081110;60811100;
AGRIVET;6081200;60812000;
AGRIVET;6081500;60812000;
AGRIVET;6081700;60817000;
AGRIVET;6081800;60818000;
AGRIVET;6088000;60880000;
AGRIVET;6130000;61300000;
AGRIVET;6130100;61301000;
AGRIVET;6130200;61302000;
AGRIVET;6130300;61303000;
AGRIVET;6150000;61500000;
AGRIVET;6150100;61501000;
AGRIVET;6150300;61503000;
AGRIVET;6150400;61504000;
AGRIVET;6150500;61505000;
AGRIVET;6160100;61601000;
AGRIVET;6160200;61602000;
AGRIVET;6160300;61603000;
AGRIVET;6160400;61604000;
AGRIVET;6160600;61604000;
AGRIVET;6180100;61801000;
AGRIVET;6180200;61802000;
AGRIVET;6210000;62100000;
AGRIVET;6210100;62101000;
AGRIVET;6210200;62102000;
AGRIVET;6210300;62103000;
AGRIVET;6220100;62201000;
AGRIVET;6220200;62202000;
AGRIVET;6220300;62203000;
AGRIVET;6220400;62204000;
AGRIVET;6220800;62208000;
AGRIVET;6220900;62209000;
AGRIVET;6230100;62301000;
AGRIVET;6230200;62302000;
AGRIVET;6230300;62303000;
AGRIVET;6230400;62304000;
AGRIVET;6240100;62401000;
AGRIVET;6240200;62402000;
AGRIVET;6240300;62403000;
AGRIVET;6250000;62500000;
AGRIVET;6250100;62501000;
AGRIVET;6250200;62502000;
AGRIVET;6250300;62503000;
AGRIVET;6250400;62504000;
AGRIVET;6250500;62505000;
AGRIVET;6250600;62506000;
AGRIVET;6250700;62507000;
AGRIVET;6250800;62508000;
AGRIVET;6260100;62601000;
AGRIVET;6260200;62602000;
AGRIVET;6260300;62603000;
AGRIVET;6260400;62604000;
AGRIVET;6260700;62607000;
AGRIVET;6260800;62608000;
AGRIVET;6270100;62701000;
AGRIVET;6270110;62701100;
AGRIVET;6270200;62702000;
AGRIVET;6270300;62703000;
AGRIVET;6270400;62704000;
AGRIVET;6270500;62705000;
AGRIVET;6270600;62706000;
AGRIVET;6270700;62707000;
AGRIVET;6270800;62708000;
AGRIVET;6270900;62709000;
AGRIVET;6271000;62710000;
AGRIVET;6271100;62711000;
AGRIVET;6271110;62711000;
AGRIVET;6271200;62712000;
AGRIVET;6271300;62713000;
AGRIVET;6271400;62714000;
AGRIVET;6280000;62800000;
AGRIVET;6350100;63501000;
AGRIVET;6350300;63503000;
AGRIVET;6350400;63504000;
AGRIVET;6350500;63505000;
AGRIVET;6350600;63506000;
AGRIVET;6350700;63507000;
AGRIVET;6350800;63508000;
AGRIVET;6410100;64101000;
AGRIVET;6410200;64102000;
AGRIVET;6410300;64103000;
AGRIVET;6410500;64105000;
AGRIVET;6418000;64180000;
AGRIVET;6418800;64180000;
AGRIVET;6450100;64501000;
AGRIVET;6450200;64502000;
AGRIVET;6450400;64504000;
AGRIVET;6450700;64505000;
AGRIVET;6480100;64801000;
AGRIVET;6480200;64802000;
AGRIVET;6480300;64803000;
AGRIVET;6480900;64808000;
AGRIVET;6510000;65100000;
AGRIVET;6520000;65200000;
AGRIVET;6541000;65200000;
AGRIVET;6560100;65601000;
AGRIVET;6560200;65602000;
AGRIVET;6570000;65700000;
AGRIVET;6580000;65800000;
AGRIVET;6610100;66101000;
AGRIVET;6610200;66102000;
AGRIVET;6610300;66103000;
AGRIVET;6610400;66104000;
AGRIVET;6660000;66600000;
AGRIVET;6811100;68111000;
AGRIVET;6811200;68112000;
AGRIVET;6850000;68112000;
AGRIVET;695000;69500000;
AGRIVET;7071000;70710000;
AGRIVET;7072000;70720000;
AGRIVET;7080000;70800000;
AGRIVET;7081000;70810000;
AGRIVET;7090000;70900000;
AGRIVET;7140000;71400000;
AGRIVET;7520000;75200000;
AGRIVET;7580000;75800000;
AGRIVET;7581000;75810000;
AGRIVET;7650000;76500000;
AGRIVET;7660000;76600000;
AGRIVET;7688000;76880000;
AGRIVET;7850000;78500000;
AGRIVET ANTSIRABE;101000;10100000;
AGRIVET ANTSIRABE;120000;12000000;
AGRIVET ANTSIRABE;128000;12800000;
AGRIVET ANTSIRABE;215800;21580000;
AGRIVET ANTSIRABE;218100;21810000;
AGRIVET ANTSIRABE;218300;21830000;
AGRIVET ANTSIRABE;218400;21840000;
AGRIVET ANTSIRABE;218600;21860000;
AGRIVET ANTSIRABE;218700;21870000;
AGRIVET ANTSIRABE;281580;28158000;
AGRIVET ANTSIRABE;281810;28181000;
AGRIVET ANTSIRABE;281830;28183000;
AGRIVET ANTSIRABE;281840;28184000;
AGRIVET ANTSIRABE;281860;28186000;
AGRIVET ANTSIRABE;281870;28187000;
AGRIVET ANTSIRABE;370000;37000000;
AGRIVET ANTSIRABE;401100;40110000;
AGRIVET ANTSIRABE;403400;40340000;
AGRIVET ANTSIRABE;408000;40800000;
AGRIVET ANTSIRABE;409100;40910000;
AGRIVET ANTSIRABE;411000;41100000;
AGRIVET ANTSIRABE;416000;41600000;
AGRIVET ANTSIRABE;421100;42110000;
AGRIVET ANTSIRABE;425200;42520000;
AGRIVET ANTSIRABE;428000;42800000;
AGRIVET ANTSIRABE;428200;42820000;
AGRIVET ANTSIRABE;431000;43100000;
AGRIVET ANTSIRABE;431100;43110000;
AGRIVET ANTSIRABE;432000;43200000;
AGRIVET ANTSIRABE;433000;43300000;
AGRIVET ANTSIRABE;438200;43800000;
AGRIVET ANTSIRABE;441000;44100000;
AGRIVET ANTSIRABE;443000;44300000;
AGRIVET ANTSIRABE;444000;44400000;
AGRIVET ANTSIRABE;445400;44540000;
AGRIVET ANTSIRABE;445610;44561000;
AGRIVET ANTSIRABE;445620;44562000;
AGRIVET ANTSIRABE;445640;44564000;
AGRIVET ANTSIRABE;445650;44565000;
AGRIVET ANTSIRABE;446000;44600000;
AGRIVET ANTSIRABE;466000;46600000;
AGRIVET ANTSIRABE;466100;46610000;
AGRIVET ANTSIRABE;466200;46620000;
AGRIVET ANTSIRABE;466300;46630000;
AGRIVET ANTSIRABE;466400;46640000;
AGRIVET ANTSIRABE;466500;46650000;
AGRIVET ANTSIRABE;467000;46700000;
AGRIVET ANTSIRABE;467110;46711000;
AGRIVET ANTSIRABE;467400;46720900;
AGRIVET ANTSIRABE;486000;48600000;
AGRIVET ANTSIRABE;491000;49100000;
AGRIVET ANTSIRABE;496000;49600000;
AGRIVET ANTSIRABE;511400;51140000;
AGRIVET ANTSIRABE;512000;51201000;
AGRIVET ANTSIRABE;512210;51221000;
AGRIVET ANTSIRABE;512410;51241000;
AGRIVET ANTSIRABE;512411;51241100;
AGRIVET ANTSIRABE;512910;51291000;
AGRIVET ANTSIRABE;530000;53000000;
AGRIVET ANTSIRABE;531000;53100000;
AGRIVET ANTSIRABE;532000;53200000;
AGRIVET ANTSIRABE;580000;58000000;
AGRIVET ANTSIRABE;603070;60307000;
AGRIVET ANTSIRABE;603080;60308000;
AGRIVET ANTSIRABE;606010;60601000;
AGRIVET ANTSIRABE;606020;60602000;
AGRIVET ANTSIRABE;606030;60603000;
AGRIVET ANTSIRABE;606050;60605000;
AGRIVET ANTSIRABE;606060;60606000;
AGRIVET ANTSIRABE;606070;60607000;
AGRIVET ANTSIRABE;606080;60608000;
AGRIVET ANTSIRABE;606090;60609000;
AGRIVET ANTSIRABE;607010;60701000;
AGRIVET ANTSIRABE;608070;60807000;
AGRIVET ANTSIRABE;609700;60940000;
AGRIVET ANTSIRABE;613010;61301000;
AGRIVET ANTSIRABE;613020;61302000;
AGRIVET ANTSIRABE;613030;61303000;
AGRIVET ANTSIRABE;615010;61501000;
AGRIVET ANTSIRABE;615020;61502000;
AGRIVET ANTSIRABE;615030;61503000;
AGRIVET ANTSIRABE;615040;61504000;
AGRIVET ANTSIRABE;616010;61601000;
AGRIVET ANTSIRABE;616020;61602000;
AGRIVET ANTSIRABE;618010;61801000;
AGRIVET ANTSIRABE;621000;62100000;
AGRIVET ANTSIRABE;621010;62101000;
AGRIVET ANTSIRABE;621030;62103000;
AGRIVET ANTSIRABE;622010;62201000;
AGRIVET ANTSIRABE;622020;62202000;
AGRIVET ANTSIRABE;622600;62260000;
AGRIVET ANTSIRABE;623010;62301000;
AGRIVET ANTSIRABE;623020;62302000;
AGRIVET ANTSIRABE;623030;62303000;
AGRIVET ANTSIRABE;625000;62500000;
AGRIVET ANTSIRABE;625010;62501000;
AGRIVET ANTSIRABE;625060;62506000;
AGRIVET ANTSIRABE;625070;62507000;
AGRIVET ANTSIRABE;626020;62602000;
AGRIVET ANTSIRABE;626040;62604000;
AGRIVET ANTSIRABE;626070;62607000;
AGRIVET ANTSIRABE;626080;62608000;
AGRIVET ANTSIRABE;627000;62700000;
AGRIVET ANTSIRABE;627040;62704000;
AGRIVET ANTSIRABE;627090;62709000;
AGRIVET ANTSIRABE;627100;62710000;
AGRIVET ANTSIRABE;635000;63500000;
AGRIVET ANTSIRABE;635010;63501000;
AGRIVET ANTSIRABE;635020;63502000;
AGRIVET ANTSIRABE;635070;63507000;
AGRIVET ANTSIRABE;641010;64101000;
AGRIVET ANTSIRABE;641020;64102000;
AGRIVET ANTSIRABE;641030;64103000;
AGRIVET ANTSIRABE;641040;64104000;
AGRIVET ANTSIRABE;641050;64105000;
AGRIVET ANTSIRABE;641060;64106000;
AGRIVET ANTSIRABE;641080;64107000;
AGRIVET ANTSIRABE;641880;64180000;
AGRIVET ANTSIRABE;645010;64501000;
AGRIVET ANTSIRABE;645020;64502000;
AGRIVET ANTSIRABE;645040;64504000;
AGRIVET ANTSIRABE;645800;64580000;
AGRIVET ANTSIRABE;648020;64802000;
AGRIVET ANTSIRABE;651000;65100000;
AGRIVET ANTSIRABE;656010;65601000;
AGRIVET ANTSIRABE;657000;65700000;
AGRIVET ANTSIRABE;658000;65800000;
AGRIVET ANTSIRABE;658100;65810000;
AGRIVET ANTSIRABE;661000;66100000;
AGRIVET ANTSIRABE;681120;68112000;
AGRIVET ANTSIRABE;685000;68112000;
AGRIVET ANTSIRABE;695000;69500000;
AGRIVET ANTSIRABE;707000;70700000;
AGRIVET ANTSIRABE;758000;75800000;
AGRIVET ANTSIRABE;765000;76500000;
AGRIVET FIANARANTSOA;101000;10100000;
AGRIVET FIANARANTSOA;110000;11000000;
AGRIVET FIANARANTSOA;120000;12000000;
AGRIVET FIANARANTSOA;129000;12900000;
AGRIVET FIANARANTSOA;218100;21810000;
AGRIVET FIANARANTSOA;218300;21830000;
AGRIVET FIANARANTSOA;218400;21840000;
AGRIVET FIANARANTSOA;218600;21860000;
AGRIVET FIANARANTSOA;218700;21870000;
AGRIVET FIANARANTSOA;281810;28181000;
AGRIVET FIANARANTSOA;281830;28183000;
AGRIVET FIANARANTSOA;281840;28184000;
AGRIVET FIANARANTSOA;281860;28186000;
AGRIVET FIANARANTSOA;281870;28187000;
AGRIVET FIANARANTSOA;370000;37000000;
AGRIVET FIANARANTSOA;380000;38000000;
AGRIVET FIANARANTSOA;401100;40110000;
AGRIVET FIANARANTSOA;403400;40340000;
AGRIVET FIANARANTSOA;408000;40800000;
AGRIVET FIANARANTSOA;408100;40810000;
AGRIVET FIANARANTSOA;409800;40980000;
AGRIVET FIANARANTSOA;411000;41100000;
AGRIVET FIANARANTSOA;418000;41800000;
AGRIVET FIANARANTSOA;419100;41910000;
AGRIVET FIANARANTSOA;421100;42110000;
AGRIVET FIANARANTSOA;428000;42800000;
AGRIVET FIANARANTSOA;431000;43100000;
AGRIVET FIANARANTSOA;431100;43110000;
AGRIVET FIANARANTSOA;432000;43200000;
AGRIVET FIANARANTSOA;432200;43220000;
AGRIVET FIANARANTSOA;433000;43300000;
AGRIVET FIANARANTSOA;434000;43400000;
AGRIVET FIANARANTSOA;438000;43800000;
AGRIVET FIANARANTSOA;438200;43800000;
AGRIVET FIANARANTSOA;441000;44100000;
AGRIVET FIANARANTSOA;443000;44300000;
AGRIVET FIANARANTSOA;444000;44400000;
AGRIVET FIANARANTSOA;445400;44540000;
AGRIVET FIANARANTSOA;445500;44550000;
AGRIVET FIANARANTSOA;445610;44561000;
AGRIVET FIANARANTSOA;445620;44562000;
AGRIVET FIANARANTSOA;445640;44564000;
AGRIVET FIANARANTSOA;445650;44565000;
AGRIVET FIANARANTSOA;445700;44570000;
AGRIVET FIANARANTSOA;445830;44583000;
AGRIVET FIANARANTSOA;466000;46600000;
AGRIVET FIANARANTSOA;466100;46610000;
AGRIVET FIANARANTSOA;466200;46620000;
AGRIVET FIANARANTSOA;466300;46630000;
AGRIVET FIANARANTSOA;466400;46640000;
AGRIVET FIANARANTSOA;467000;46700000;
AGRIVET FIANARANTSOA;467400;46720900;
AGRIVET FIANARANTSOA;468000;46800000;
AGRIVET FIANARANTSOA;471000;47100000;
AGRIVET FIANARANTSOA;486000;48600000;
AGRIVET FIANARANTSOA;491000;49100000;
AGRIVET FIANARANTSOA;496000;49600000;
AGRIVET FIANARANTSOA;511100;51110000;
AGRIVET FIANARANTSOA;511400;51140000;
AGRIVET FIANARANTSOA;512410;51241000;
AGRIVET FIANARANTSOA;512411;51241100;
AGRIVET FIANARANTSOA;512910;51291000;
AGRIVET FIANARANTSOA;530000;53000000;
AGRIVET FIANARANTSOA;531000;53100000;
AGRIVET FIANARANTSOA;532000;53200000;
AGRIVET FIANARANTSOA;539000;53900000;
AGRIVET FIANARANTSOA;580000;58000000;
AGRIVET FIANARANTSOA;603070;60307000;
AGRIVET FIANARANTSOA;603080;60308000;
AGRIVET FIANARANTSOA;606010;60601000;
AGRIVET FIANARANTSOA;606020;60602000;
AGRIVET FIANARANTSOA;606050;60605000;
AGRIVET FIANARANTSOA;606060;60606000;
AGRIVET FIANARANTSOA;606070;60607000;
AGRIVET FIANARANTSOA;606080;60608000;
AGRIVET FIANARANTSOA;606090;60609000;
AGRIVET FIANARANTSOA;606800;60680000;
AGRIVET FIANARANTSOA;607010;60701000;
AGRIVET FIANARANTSOA;608070;60807000;
AGRIVET FIANARANTSOA;609000;60900000;
AGRIVET FIANARANTSOA;609700;60940000;
AGRIVET FIANARANTSOA;613010;61301000;
AGRIVET FIANARANTSOA;613020;61302000;
AGRIVET FIANARANTSOA;615010;61501000;
AGRIVET FIANARANTSOA;615030;61503000;
AGRIVET FIANARANTSOA;615040;61504000;
AGRIVET FIANARANTSOA;615200;61520000;
AGRIVET FIANARANTSOA;616020;61602000;
AGRIVET FIANARANTSOA;616100;61610000;
AGRIVET FIANARANTSOA;618010;61801000;
AGRIVET FIANARANTSOA;621000;62100000;
AGRIVET FIANARANTSOA;621010;62101000;
AGRIVET FIANARANTSOA;621030;62103000;
AGRIVET FIANARANTSOA;622010;62201000;
AGRIVET FIANARANTSOA;622020;62202000;
AGRIVET FIANARANTSOA;625000;62500000;
AGRIVET FIANARANTSOA;625010;62501000;
AGRIVET FIANARANTSOA;625060;62506000;
AGRIVET FIANARANTSOA;625070;62507000;
AGRIVET FIANARANTSOA;626020;62602000;
AGRIVET FIANARANTSOA;626030;62603000;
AGRIVET FIANARANTSOA;626040;62604000;
AGRIVET FIANARANTSOA;626070;62607000;
AGRIVET FIANARANTSOA;626080;62608000;
AGRIVET FIANARANTSOA;627040;62704000;
AGRIVET FIANARANTSOA;627090;62709000;
AGRIVET FIANARANTSOA;627100;62710000;
AGRIVET FIANARANTSOA;635000;63500000;
AGRIVET FIANARANTSOA;635010;63501000;
AGRIVET FIANARANTSOA;635070;63507000;
AGRIVET FIANARANTSOA;641010;64101000;
AGRIVET FIANARANTSOA;641020;64102000;
AGRIVET FIANARANTSOA;641030;64103000;
AGRIVET FIANARANTSOA;641040;64104000;
AGRIVET FIANARANTSOA;641050;64105000;
AGRIVET FIANARANTSOA;641060;64106000;
AGRIVET FIANARANTSOA;641800;64180000;
AGRIVET FIANARANTSOA;6418800;64180000;
AGRIVET FIANARANTSOA;645010;64501000;
AGRIVET FIANARANTSOA;645020;64502000;
AGRIVET FIANARANTSOA;645040;64504000;
AGRIVET FIANARANTSOA;645800;64580000;
AGRIVET FIANARANTSOA;648040;64804000;
AGRIVET FIANARANTSOA;651000;65100000;
AGRIVET FIANARANTSOA;657000;65700000;
AGRIVET FIANARANTSOA;658000;65800000;
AGRIVET FIANARANTSOA;658100;65810000;
AGRIVET FIANARANTSOA;681120;68112000;
AGRIVET FIANARANTSOA;695000;69500000;
AGRIVET FIANARANTSOA;707000;70700000;
AGRIVET FIANARANTSOA;758000;75800000;
AGRIVET FIANARANTSOA;765000;76500000;
AGRIVET TAMATAVE;10100000;10100000;
AGRIVET TAMATAVE;11000000;11000000;
AGRIVET TAMATAVE;12800000;12800000;
AGRIVET TAMATAVE;12900000;12900000;
AGRIVET TAMATAVE;16500000;16500000;
AGRIVET TAMATAVE;20400000;20400000;
AGRIVET TAMATAVE;21810000;21810000;
AGRIVET TAMATAVE;21820000;21820000;
AGRIVET TAMATAVE;21830000;21830000;
AGRIVET TAMATAVE;21840000;21840000;
AGRIVET TAMATAVE;21850000;21850000;
AGRIVET TAMATAVE;28150000;28150000;
AGRIVET TAMATAVE;28181000;28181000;
AGRIVET TAMATAVE;28182000;28182000;
AGRIVET TAMATAVE;28183000;28183000;
AGRIVET TAMATAVE;28184000;28184000;
AGRIVET TAMATAVE;37100000;37100000;
AGRIVET TAMATAVE;40100000;40100000;
AGRIVET TAMATAVE;40340000;40340000;
AGRIVET TAMATAVE;40800000;40800000;
AGRIVET TAMATAVE;41100000;41100000;
AGRIVET TAMATAVE;41800000;41800000;
AGRIVET TAMATAVE;41900000;41900000;
AGRIVET TAMATAVE;42100000;42100000;
AGRIVET TAMATAVE;42500000;42500000;
AGRIVET TAMATAVE;42700000;42700000;
AGRIVET TAMATAVE;42800000;42800000;
AGRIVET TAMATAVE;42820000;42820000;
AGRIVET TAMATAVE;43100000;43100000;
AGRIVET TAMATAVE;43110000;43110000;
AGRIVET TAMATAVE;43200000;43200000;
AGRIVET TAMATAVE;43230000;43230000;
AGRIVET TAMATAVE;43400000;43400000;
AGRIVET TAMATAVE;43860000;43860000;
AGRIVET TAMATAVE;44100000;44100000;
AGRIVET TAMATAVE;44200000;44200000;
AGRIVET TAMATAVE;44300000;44300000;
AGRIVET TAMATAVE;44410000;44410000;
AGRIVET TAMATAVE;44420000;44420000;
AGRIVET TAMATAVE;44540000;44540000;
AGRIVET TAMATAVE;44550000;44550000;
AGRIVET TAMATAVE;44560000;44560000;
AGRIVET TAMATAVE;44561000;44561000;
AGRIVET TAMATAVE;44562000;44562000;
AGRIVET TAMATAVE;44564000;44564000;
AGRIVET TAMATAVE;44565000;44565000;
AGRIVET TAMATAVE;44570000;44570000;
AGRIVET TAMATAVE;44580000;44580000;
AGRIVET TAMATAVE;46600000;46600000;
AGRIVET TAMATAVE;46600008;46600000;
AGRIVET TAMATAVE;46600009;46600000;
AGRIVET TAMATAVE;46699999;46650000;
AGRIVET TAMATAVE;46700000;46700000;
AGRIVET TAMATAVE;46700001;46700001;
AGRIVET TAMATAVE;46700002;46700002;
AGRIVET TAMATAVE;46700011;46700010;
AGRIVET TAMATAVE;46710070;46710070;
AGRIVET TAMATAVE;46710130;46710130;
AGRIVET TAMATAVE;46800000;46800000;
AGRIVET TAMATAVE;47100000;47100000;
AGRIVET TAMATAVE;48600000;48600000;
AGRIVET TAMATAVE;51110000;51110000;
AGRIVET TAMATAVE;51120000;51120000;
AGRIVET TAMATAVE;51140000;51140000;
AGRIVET TAMATAVE;51160000;51160000;
AGRIVET TAMATAVE;51231000;51231000;
AGRIVET TAMATAVE;51241000;51241000;
AGRIVET TAMATAVE;51244000;51244000;
AGRIVET TAMATAVE;51291000;51291000;
AGRIVET TAMATAVE;53100000;53100000;
AGRIVET TAMATAVE;53200000;53200000;
AGRIVET TAMATAVE;53900000;53900000;
AGRIVET TAMATAVE;58000000;58000000;
AGRIVET TAMATAVE;60201000;60201000;
AGRIVET TAMATAVE;60307000;60307000;
AGRIVET TAMATAVE;60601000;60601000;
AGRIVET TAMATAVE;60602000;60602000;
AGRIVET TAMATAVE;60603000;60603000;
AGRIVET TAMATAVE;60604000;60604000;
AGRIVET TAMATAVE;60605000;60605000;
AGRIVET TAMATAVE;60607000;60607000;
AGRIVET TAMATAVE;60608000;60608000;
AGRIVET TAMATAVE;60701000;60701000;
AGRIVET TAMATAVE;60807000;60807000;
AGRIVET TAMATAVE;60808000;60808000;
AGRIVET TAMATAVE;60900000;60900000;
AGRIVET TAMATAVE;613010000;61301000;
AGRIVET TAMATAVE;61301000;61301000;
AGRIVET TAMATAVE;61302000;61302000;
AGRIVET TAMATAVE;61500000;61500000;
AGRIVET TAMATAVE;61501000;61501000;
AGRIVET TAMATAVE;61502000;61502000;
AGRIVET TAMATAVE;61503000;61503000;
AGRIVET TAMATAVE;61504000;61504000;
AGRIVET TAMATAVE;61601000;61601000;
AGRIVET TAMATAVE;61602000;61602000;
AGRIVET TAMATAVE;61604000;61604000;
AGRIVET TAMATAVE;61801000;61801000;
AGRIVET TAMATAVE;61802000;61802000;
AGRIVET TAMATAVE;62100000;62100000;
AGRIVET TAMATAVE;62102000;62102000;
AGRIVET TAMATAVE;62201000;62201000;
AGRIVET TAMATAVE;62202000;62202000;
AGRIVET TAMATAVE;62203000;62203000;
AGRIVET TAMATAVE;62501000;62501000;
AGRIVET TAMATAVE;62506000;62506000;
AGRIVET TAMATAVE;62507000;62507000;
AGRIVET TAMATAVE;62602000;62602000;
AGRIVET TAMATAVE;62603000;62603000;
AGRIVET TAMATAVE;62604000;62604000;
AGRIVET TAMATAVE;62701000;62701000;
AGRIVET TAMATAVE;62703000;62703000;
AGRIVET TAMATAVE;63504000;63504000;
AGRIVET TAMATAVE;63505000;63505000;
AGRIVET TAMATAVE;63506000;63506000;
AGRIVET TAMATAVE;63507000;63507000;
AGRIVET TAMATAVE;64101000;64101000;
AGRIVET TAMATAVE;64101300;64101300;
AGRIVET TAMATAVE;64102000;64102000;
AGRIVET TAMATAVE;64103000;64103000;
AGRIVET TAMATAVE;64104000;64104000;
AGRIVET TAMATAVE;64105000;64105000;
AGRIVET TAMATAVE;64180000;64180000;
AGRIVET TAMATAVE;6418800;64180000;
AGRIVET TAMATAVE;6419000;64180000;
AGRIVET TAMATAVE;64501000;64501000;
AGRIVET TAMATAVE;64502000;64502000;
AGRIVET TAMATAVE;64504000;64504000;
AGRIVET TAMATAVE;64580000;64580000;
AGRIVET TAMATAVE;64801000;64801000;
AGRIVET TAMATAVE;65100000;65100000;
AGRIVET TAMATAVE;65400000;65200000;
AGRIVET TAMATAVE;65601000;65601000;
AGRIVET TAMATAVE;65700000;65700000;
AGRIVET TAMATAVE;65800000;65800000;
AGRIVET TAMATAVE;68112000;68112000;
AGRIVET TAMATAVE;69500000;69500000;
AGRIVET TAMATAVE;70100000;70100000;
AGRIVET TAMATAVE;70700000;70700000;
AGRIVET TAMATAVE;70710000;70710000;
AGRIVET TAMATAVE;75800000;75800000;
AGRIVET TAMATAVE;76500000;76500000;
BOVIMA;10100000;10100000;
BOVIMA;11900000;11900000;
BOVIMA;13110000;13110000;
BOVIMA;16110000;16110000;
BOVIMA;16120000;16120000;
BOVIMA;16400000;16400000;
BOVIMA;21100000;21100000;
BOVIMA;21300000;21300000;
BOVIMA;21810000;21810000;
BOVIMA;21820000;21820000;
BOVIMA;21830000;21830000;
BOVIMA;21840000;21840000;
BOVIMA;21850000;21850000;
BOVIMA;23000000;23000000;
BOVIMA;23100000;23100000;
BOVIMA;23213001;23213001;
BOVIMA;23213010;23213010;
BOVIMA;23213012;23213012;
BOVIMA;27500000;27500000;
BOVIMA;28130000;28130000;
BOVIMA;28181000;28181000;
BOVIMA;28182000;28182000;
BOVIMA;28183000;28183000;
BOVIMA;28184000;28184000;
BOVIMA;28185000;28185000;
BOVIMA;31100000;31100000;
BOVIMA;31200000;31000000;
BOVIMA;40100000;40100000;
BOVIMA;40120000;40120000;
BOVIMA;40221000;40231000;
BOVIMA;40241000;40241000;
BOVIMA;40340000;40340000;
BOVIMA;40400000;40400000;
BOVIMA;40800000;40800000;
BOVIMA;40910000;40910000;
BOVIMA;42100000;42100000;
BOVIMA;42110000;42110000;
BOVIMA;42510000;42510000;
BOVIMA;42540000;42540000;
BOVIMA;42820000;42820000;
BOVIMA;43100000;43100000;
BOVIMA;43110000;43110000;
BOVIMA;43200000;43200000;
BOVIMA;43220000;43220000;
BOVIMA;43300000;43300000;
BOVIMA;43400000;43400000;
BOVIMA;44100000;44100000;
BOVIMA;44410000;44410000;
BOVIMA;44411000;44411000;
BOVIMA;44413000;44411000;
BOVIMA;44540000;44540000;
BOVIMA;44550000;44550000;
BOVIMA;44562000;44562000;
BOVIMA;44564000;44564000;
BOVIMA;44570000;44570000;
BOVIMA;44572000;44572000;
BOVIMA;44583000;44583000;
BOVIMA;45511000;45511000;
BOVIMA;45512000;45512000;
BOVIMA;45514000;45514000;
BOVIMA;46600000;46600000;
BOVIMA;46610000;46610000;
BOVIMA;46700000;46700000;
BOVIMA;48600000;48600000;
BOVIMA;48700000;48700000;
BOVIMA;51221000;51221000;
BOVIMA;51241000;51241000;
BOVIMA;51242000;51242000;
BOVIMA;51243000;51243000;
BOVIMA;51261000;51261000;
BOVIMA;53100000;53100000;
BOVIMA;53200000;53200000;
BOVIMA;60301000;60301000;
BOVIMA;60601000;60601000;
BOVIMA;60602000;60602000;
BOVIMA;60603000;60603000;
BOVIMA;60604000;60604000;
BOVIMA;60605000;60605000;
BOVIMA;60607000;60607000;
BOVIMA;60608000;60608000;
BOVIMA;60609000;60609000;
BOVIMA;60610000;60610000;
BOVIMA;60801000;60801000;
BOVIMA;60802000;60802000;
BOVIMA;60804000;60804000;
BOVIMA;60806000;60806000;
BOVIMA;60807000;60807000;
BOVIMA;60808000;60808000;
BOVIMA;60811000;60811000;
BOVIMA;60812000;60812000;
BOVIMA;61301000;61301000;
BOVIMA;61302000;61302000;
BOVIMA;61303000;61303000;
BOVIMA;61304000;61304000;
BOVIMA;61500000;61500000;
BOVIMA;61503000;61503000;
BOVIMA;61601000;61601000;
BOVIMA;61602000;61602000;
BOVIMA;61604000;61604000;
BOVIMA;61802000;61802000;
BOVIMA;62100000;62100000;
BOVIMA;62102000;62102000;
BOVIMA;62103000;62103000;
BOVIMA;62201000;62201000;
BOVIMA;62202000;62202000;
BOVIMA;62203000;62203000;
BOVIMA;62208000;62208000;
BOVIMA;62301000;62301000;
BOVIMA;62303000;62303000;
BOVIMA;62401000;62401000;
BOVIMA;62501000;62501000;
BOVIMA;62505000;62505000;
BOVIMA;62506000;62506000;
BOVIMA;62507000;62507000;
BOVIMA;62602000;62602000;
BOVIMA;62603000;62603000;
BOVIMA;62607000;62607000;
BOVIMA;62703000;62703000;
BOVIMA;63501000;63501000;
BOVIMA;63504000;63504000;
BOVIMA;64101000;64101000;
BOVIMA;64102000;64102000;
BOVIMA;64103000;64103000;
BOVIMA;64104000;64104000;
BOVIMA;64105000;64105000;
BOVIMA;64180000;64180000;
BOVIMA;64188000;64180000;
BOVIMA;64501000;64501000;
BOVIMA;64502000;64502000;
BOVIMA;64503000;64503000;
BOVIMA;64504000;64504000;
BOVIMA;64580000;64580000;
BOVIMA;64801000;64801000;
BOVIMA;64803000;64803000;
BOVIMA;65100000;65100000;
BOVIMA;65200000;65200000;
BOVIMA;65601000;65601000;
BOVIMA;65602000;65602000;
BOVIMA;65700000;65700000;
BOVIMA;66103000;66103000;
BOVIMA;66104000;66104000;
BOVIMA;66600000;66600000;
BOVIMA;68112000;68112000;
BOVIMA;69500000;69500000;
BOVIMA;72000000;72000000;
BOVIMA;75800000;75800000;
BOVIMA;75810000;75810000;
BOVIMA;75850000;75850000;
BOVIMA;76500000;76500000;
BOVIMA;76600000;76600000;
CONFORTIS;10100000;10100000;
CONFORTIS;11900000;11900000;
CONFORTIS;12900000;12900000;
CONFORTIS;45510000;45510000;
CONFORTIS;48600000;48600000;
CONFORTIS;51241000;51241000;
CONFORTIS;53100000;53100000;
CONFORTIS;61301000;61301000;
CONFORTIS;61602000;61602000;
CONFORTIS;62703000;62703000;
CONFORTIS;66102000;66102000;
CONFORTIS;69800000;69500000;
CSS SAKAY;10100000;10100000;
CSS SAKAY;11900000;11900000;
CSS SAKAY;12900000;12900000;
CSS SAKAY;21810000;21810000;
CSS SAKAY;21840000;21840000;
CSS SAKAY;28181000;28181000;
CSS SAKAY;28184000;28184000;
CSS SAKAY;40100000;40100000;
CSS SAKAY;44300000;44300000;
CSS SAKAY;44420000;44420000;
CSS SAKAY;44550000;44550000;
CSS SAKAY;44564000;44564000;
CSS SAKAY;46600000;46600000;
CSS SAKAY;46610000;46610000;
CSS SAKAY;46700005;46700005;
CSS SAKAY;51231000;51231000;
CSS SAKAY;53100000;53100000;
CSS SAKAY;61802000;61802000;
CSS SAKAY;62100000;62100000;
CSS SAKAY;62703000;62703000;
CSS SAKAY;63504000;63504000;
CSS SAKAY;65100000;65100000;
CSS SAKAY;65601000;65601000;
CSS SAKAY;68112000;68112000;
CSS SAKAY;69500000;69500000;
CSS SAKAY;75800000;75800000;
DISCOI;101000;10100000;
DISCOI;106100;10610000;
DISCOI;110000;11000000;
DISCOI;120000;12000000;
DISCOI;129000;12900000;
DISCOI;204000;20400000;
DISCOI;215000;21500000;
DISCOI;215700;21570000;
DISCOI;218100;21810000;
DISCOI;218300;21830000;
DISCOI;218310;21831000;
DISCOI;218400;21840000;
DISCOI;218600;21860000;
DISCOI;275000;27500000;
DISCOI;280400;28040000;
DISCOI;281500;28150000;
DISCOI;281550;28155000;
DISCOI;281570;28157000;
DISCOI;281830;28183000;
DISCOI;281832;28183100;
DISCOI;281840;28184000;
DISCOI;281860;28186000;
DISCOI;401000;40100000;
DISCOI;401200;40120000;
DISCOI;409100;40910000;
DISCOI;411000;41100000;
DISCOI;419100;41910000;
DISCOI;443000;44300000;
DISCOI;444000;44400000;
DISCOI;444200;44420000;
DISCOI;444300;44430000;
DISCOI;445500;44550000;
DISCOI;466000;46600000;
DISCOI;466100;46610000;
DISCOI;467000;46700000;
DISCOI;511100;51110000;
DISCOI;512110;51211000;
DISCOI;512210;51221000;
DISCOI;627040;62704000;
DISCOI;627080;62708000;
DISCOI;627090;62709000;
DISCOI;631000;63500000;
DISCOI;656010;65601000;
DISCOI;661020;66102000;
DISCOI;681120;68112000;
DISCOI;698000;69500000;
DISCOI;758000;75800000;
DISCOI;766000;76600000;
FERRIS;10100000;10100000;
FERRIS;10610000;10610000;
FERRIS;11000000;11000000;
FERRIS;12800000;12800000;
FERRIS;16400000;16400000;
FERRIS;21100000;21100000;
FERRIS;21800000;21800000;
FERRIS;21810000;21810000;
FERRIS;21820000;21820000;
FERRIS;21830000;21830000;
FERRIS;21831000;21831000;
FERRIS;21840000;21840000;
FERRIS;21850000;21850000;
FERRIS;27500000;27500000;
FERRIS;28180000;28180000;
FERRIS;28181000;28181000;
FERRIS;28182000;28182000;
FERRIS;28183000;28183000;
FERRIS;28183100;28183100;
FERRIS;28184000;28184000;
FERRIS;28185000;28185000;
FERRIS;37300000;37100000;
FERRIS;40100000;40100000;
FERRIS;40310000;40310000;
FERRIS;40800000;40800000;
FERRIS;40900000;40900000;
FERRIS;41100000;41100000;
FERRIS;41600000;41600000;
FERRIS;41810000;41810000;
FERRIS;41910000;41910000;
FERRIS;42100000;42100000;
FERRIS;42510000;42510000;
FERRIS;42800000;42800000;
FERRIS;43100000;43100000;
FERRIS;43110000;43110000;
FERRIS;43220000;43220000;
FERRIS;43860000;43860000;
FERRIS;44100000;44100000;
FERRIS;44300000;44300000;
FERRIS;44400000;44400000;
FERRIS;44401000;44440000;
FERRIS;44410000;44410000;
FERRIS;44540000;44540000;
FERRIS;44550000;44550000;
FERRIS;44561000;44561000;
FERRIS;44562000;44562000;
FERRIS;44563000;44563000;
FERRIS;44570000;44570000;
FERRIS;44583000;44583000;
FERRIS;44860000;44600000;
FERRIS;45530000;45530000;
FERRIS;45550000;45550000;
FERRIS;45700000;45540000;
FERRIS;46600000;46600000;
FERRIS;46610000;46610000;
FERRIS;46720000;46720000;
FERRIS;46720700;46720120;
FERRIS;47100000;47100000;
FERRIS;48600000;48600000;
FERRIS;48700000;48700000;
FERRIS;49100000;49100000;
FERRIS;51221000;51221000;
FERRIS;51241000;51241000;
FERRIS;51251000;51251000;
FERRIS;51252000;51251000;
FERRIS;51261000;51261000;
FERRIS;53100000;53100000;
FERRIS;53110000;53110000;
FERRIS;5320000;53200000;
FERRIS;5330000;53300000;
FERRIS;53400000;53400000;
FERRIS;53500000;53500000;
FERRIS;53600000;53600000;
FERRIS;53700000;53700000;
FERRIS;53800000;53800000;
FERRIS;53900000;53900000;
FERRIS;58000000;58000000;
FERRIS;60101000;60101000;
FERRIS;60205100;60205000;
FERRIS;60205200;60205200;
FERRIS;60205300;60205300;
FERRIS;60206000;60206000;
FERRIS;60320000;60310000;
FERRIS;60410000;60400000;
FERRIS;60411000;60400000;
FERRIS;60420000;60400000;
FERRIS;60430000;60400000;
FERRIS;60500000;60500000;
FERRIS;60601000;60601000;
FERRIS;60602000;60602000;
FERRIS;60604000;60604000;
FERRIS;60605000;60605000;
FERRIS;60607000;60607000;
FERRIS;60608000;60608000;
FERRIS;60701000;60701000;
FERRIS;60801000;60801000;
FERRIS;60802000;60802000;
FERRIS;60803000;60803000;
FERRIS;60804000;60804000;
FERRIS;60806000;60806000;
FERRIS;60811000;60811000;
FERRIS;60812000;60812000;
FERRIS;60900000;60900000;
FERRIS;61301000;61301000;
FERRIS;61303000;61303000;
FERRIS;61304000;61304000;
FERRIS;61501000;61501000;
FERRIS;61502000;61502000;
FERRIS;61503000;61503000;
FERRIS;61503100;61503000;
FERRIS;61505000;61505000;
FERRIS;61506000;61506000;
FERRIS;61601000;61601000;
FERRIS;61602000;61602000;
FERRIS;61603000;61603000;
FERRIS;61604000;61604000;
FERRIS;61802000;61802000;
FERRIS;62102000;62102000;
FERRIS;62203000;62203000;
FERRIS;62208000;62208000;
FERRIS;62401000;62401000;
FERRIS;62501000;62501000;
FERRIS;62503000;62503000;
FERRIS;62504000;62504000;
FERRIS;62505000;62505000;
FERRIS;62506000;62506000;
FERRIS;62507000;62507000;
FERRIS;62602000;62602000;
FERRIS;62603000;62603000;
FERRIS;62604000;62604000;
FERRIS;62703000;62703000;
FERRIS;62708000;62708000;
FERRIS;63501000;63501000;
FERRIS;63503000;63503000;
FERRIS;63504000;63504000;
FERRIS;64101000;64101000;
FERRIS;64103000;64103000;
FERRIS;64104000;64104000;
FERRIS;64104100;64104000;
FERRIS;64501000;64501000;
FERRIS;64501100;64501000;
FERRIS;64503000;64503000;
FERRIS;64504000;64504000;
FERRIS;64580000;64580000;
FERRIS;64801000;64801000;
FERRIS;64802000;64802000;
FERRIS;64803000;64803000;
FERRIS;65602000;65602000;
FERRIS;65700000;65700000;
FERRIS;65800000;65800000;
FERRIS;66102000;66102000;
FERRIS;66600000;66600000;
FERRIS;68112000;68112000;
FERRIS;68500000;68112000;
FERRIS;69500000;69500000;
FERRIS;69800000;69500000;
FERRIS;70600000;70600000;
FERRIS;70620000;70620000;
FERRIS;70760000;70720000;
FERRIS;70860000;70840000;
FERRIS;70900000;70900000;
FERRIS;75800000;75800000;
FERRIS;76500000;76500000;
FERRIS;76600000;76600000;
FIRST ENERGY;10100000;10100000;
FIRST ENERGY;10610000;10610000;
FIRST ENERGY;11000000;11000000;
FIRST ENERGY;12000000;12000000;
FIRST ENERGY;13300000;13110000;
FIRST ENERGY;20400000;20400000;
FIRST ENERGY;21100000;21100000;
FIRST ENERGY;21200000;21200000;
FIRST ENERGY;21300000;21300000;
FIRST ENERGY;21310000;21310000;
FIRST ENERGY;21500000;21500000;
FIRST ENERGY;21510000;21510000;
FIRST ENERGY;21520000;21520000;
FIRST ENERGY;21530000;21530000;
FIRST ENERGY;21800000;21800000;
FIRST ENERGY;21810000;21810000;
FIRST ENERGY;21820000;21820000;
FIRST ENERGY;21830000;21830000;
FIRST ENERGY;21840000;21840000;
FIRST ENERGY;21850000;21850000;
FIRST ENERGY;23000000;23000000;
FIRST ENERGY;23130000;23130000;
FIRST ENERGY;23140000;23140000;
FIRST ENERGY;23160000;23160000;
FIRST ENERGY;23170000;23170000;
FIRST ENERGY;23180000;23180000;
FIRST ENERGY;23190000;23190000;
FIRST ENERGY;27500000;27500000;
FIRST ENERGY;28040000;28040000;
FIRST ENERGY;28120000;28120000;
FIRST ENERGY;28130000;28130000;
FIRST ENERGY;28131000;28131000;
FIRST ENERGY;28150000;28150000;
FIRST ENERGY;28151000;28151000;
FIRST ENERGY;28152000;28152000;
FIRST ENERGY;28153000;28153000;
FIRST ENERGY;28180000;28180000;
FIRST ENERGY;28181000;28181000;
FIRST ENERGY;28182000;28182000;
FIRST ENERGY;28183000;28183000;
FIRST ENERGY;28184000;28184000;
FIRST ENERGY;28185000;28185000;
FIRST ENERGY;37100000;37100000;
FIRST ENERGY;40100000;40100000;
FIRST ENERGY;40110000;40110000;
FIRST ENERGY;40120000;40120000;
FIRST ENERGY;40340000;40340000;
FIRST ENERGY;40400000;40400000;
FIRST ENERGY;40800000;40800000;
FIRST ENERGY;40900000;40900000;
FIRST ENERGY;41100000;41100000;
FIRST ENERGY;41351000;41351000;
FIRST ENERGY;41600000;41600000;
FIRST ENERGY;41810000;41810000;
FIRST ENERGY;41890000;41810000;
FIRST ENERGY;41910000;41910000;
FIRST ENERGY;42100000;42100000;
FIRST ENERGY;42110000;42110000;
FIRST ENERGY;42500000;42500000;
FIRST ENERGY;42510000;42510000;
FIRST ENERGY;42520000;42520000;
FIRST ENERGY;42700000;42700000;
FIRST ENERGY;42820000;42820000;
FIRST ENERGY;43100000;43100000;
FIRST ENERGY;43110000;43110000;
FIRST ENERGY;43200000;43200000;
FIRST ENERGY;43230000;43230000;
FIRST ENERGY;43300000;43300000;
FIRST ENERGY;43400000;43400000;
FIRST ENERGY;43500000;43500000;
FIRST ENERGY;44100000;44100000;
FIRST ENERGY;44300000;44300000;
FIRST ENERGY;44310000;44310000;
FIRST ENERGY;44320000;44320000;
FIRST ENERGY;44400000;44400000;
FIRST ENERGY;44410000;44410000;
FIRST ENERGY;44540000;44540000;
FIRST ENERGY;44550000;44550000;
FIRST ENERGY;44560000;44560000;
FIRST ENERGY;44561000;44561000;
FIRST ENERGY;44562000;44562000;
FIRST ENERGY;44563000;44563000;
FIRST ENERGY;44564000;44564000;
FIRST ENERGY;44565000;44565000;
FIRST ENERGY;44566000;44566000;
FIRST ENERGY;44567000;44567000;
FIRST ENERGY;44570000;44570000;
FIRST ENERGY;44571000;44571000;
FIRST ENERGY;44572000;44572000;
FIRST ENERGY;44580000;44580000;
FIRST ENERGY;44583000;44583000;
FIRST ENERGY;44587000;44587000;
FIRST ENERGY;45510000;45510000;
FIRST ENERGY;45520000;45520000;
FIRST ENERGY;45530000;45530000;
FIRST ENERGY;45540000;45540000;
FIRST ENERGY;46600000;46600000;
FIRST ENERGY;46610000;46610000;
FIRST ENERGY;46700000;46700000;
FIRST ENERGY;47100000;47100000;
FIRST ENERGY;48600000;48600000;
FIRST ENERGY;51110000;51110000;
FIRST ENERGY;51201000;51201000;
FIRST ENERGY;51211000;51211000;
FIRST ENERGY;51221000;51221000;
FIRST ENERGY;51231000;51231000;
FIRST ENERGY;51241000;51241000;
FIRST ENERGY;51261000;51261000;
FIRST ENERGY;51271000;51271000;
FIRST ENERGY;51800000;51800000;
FIRST ENERGY;51910000;51910000;
FIRST ENERGY;51920000;51920000;
FIRST ENERGY;53100000;53100000;
FIRST ENERGY;53400000;53400000;
FIRST ENERGY;53500000;53500000;
FIRST ENERGY;53600000;53600000;
FIRST ENERGY;53700000;53700000;
FIRST ENERGY;58000000;58000000;
FIRST ENERGY;60206000;60206000;
FIRST ENERGY;60302000;60302000;
FIRST ENERGY;60602000;60602000;
FIRST ENERGY;60603100;60603100;
FIRST ENERGY;60603200;60603100;
FIRST ENERGY;60604000;60604000;
FIRST ENERGY;60605000;60605000;
FIRST ENERGY;60606000;60606000;
FIRST ENERGY;60606100;60606100;
FIRST ENERGY;60606200;60606200;
FIRST ENERGY;60607000;60607000;
FIRST ENERGY;60608000;60608000;
FIRST ENERGY;60609000;60609000;
FIRST ENERGY;60801000;60801000;
FIRST ENERGY;61301000;61301000;
FIRST ENERGY;61302000;61302000;
FIRST ENERGY;61303000;61303000;
FIRST ENERGY;61304000;61304000;
FIRST ENERGY;61500000;61500000;
FIRST ENERGY;61501000;61501000;
FIRST ENERGY;61502000;61502000;
FIRST ENERGY;61503000;61503000;
FIRST ENERGY;61504000;61504000;
FIRST ENERGY;61602000;61602000;
FIRST ENERGY;61603000;61603000;
FIRST ENERGY;61604000;61604000;
FIRST ENERGY;61802000;61802000;
FIRST ENERGY;62101000;62101000;
FIRST ENERGY;62102000;62102000;
FIRST ENERGY;62103000;62103000;
FIRST ENERGY;62203000;62203000;
FIRST ENERGY;62208000;62208000;
FIRST ENERGY;62301000;62301000;
FIRST ENERGY;62305000;62305000;
FIRST ENERGY;62401000;62401000;
FIRST ENERGY;62501000;62501000;
FIRST ENERGY;62504000;62504000;
FIRST ENERGY;62505000;62505000;
FIRST ENERGY;62507000;62507000;
FIRST ENERGY;62602000;62602000;
FIRST ENERGY;62604000;62604000;
FIRST ENERGY;62700000;62700000;
FIRST ENERGY;62701000;62701000;
FIRST ENERGY;62702000;62702000;
FIRST ENERGY;62703000;62703000;
FIRST ENERGY;62705000;62705000;
FIRST ENERGY;62706000;62706000;
FIRST ENERGY;63501000;63501000;
FIRST ENERGY;63503000;63503000;
FIRST ENERGY;63504000;63504000;
FIRST ENERGY;63506000;63506000;
FIRST ENERGY;63507000;63507000;
FIRST ENERGY;64101000;64101000;
FIRST ENERGY;64102000;64102000;
FIRST ENERGY;64103000;64103000;
FIRST ENERGY;64105000;64105000;
FIRST ENERGY;64188000;64180000;
FIRST ENERGY;64501000;64501000;
FIRST ENERGY;64502000;64502000;
FIRST ENERGY;64503000;64503000;
FIRST ENERGY;64504000;64504000;
FIRST ENERGY;64505000;64505000;
FIRST ENERGY;64700000;64700000;
FIRST ENERGY;64802000;64802000;
FIRST ENERGY;64803000;64803000;
FIRST ENERGY;65100000;65100000;
FIRST ENERGY;65601000;65601000;
FIRST ENERGY;65700000;65700000;
FIRST ENERGY;65710000;65710000;
FIRST ENERGY;65810000;65810000;
FIRST ENERGY;66101000;66101000;
FIRST ENERGY;66102000;66102000;
FIRST ENERGY;66103000;66103000;
FIRST ENERGY;67500000;67500000;
FIRST ENERGY;68112000;68112000;
FIRST ENERGY;69300000;69500000;
FIRST ENERGY;69500000;69500000;
FIRST ENERGY;70600000;70600000;
FIRST ENERGY;70610000;70610000;
FIRST ENERGY;70710000;70710000;
FIRST ENERGY;70720000;70720000;
FIRST ENERGY;70810000;70810000;
FIRST ENERGY;70820000;70820000;
FIRST ENERGY;72200000;72000000;
FIRST ENERGY;75800000;75800000;
FIRST ENERGY;75810000;75810000;
FIRST ENERGY;76600000;76600000;
FIRST ENERGY;77500000;77500000;
FIRST ENERGY;78500000;78500000;
FIRST INVESTISSEMENT;101000;10100000;
FIRST INVESTISSEMENT;120000;12000000;
FIRST INVESTISSEMENT;164100;16410000;
FIRST INVESTISSEMENT;164200;16420000;
FIRST INVESTISSEMENT;164300;16430000;
FIRST INVESTISSEMENT;211000;21100000;
FIRST INVESTISSEMENT;211100;21110000;
FIRST INVESTISSEMENT;211200;21110000;
FIRST INVESTISSEMENT;211300;21110000;
FIRST INVESTISSEMENT;211400;21110000;
FIRST INVESTISSEMENT;211500;21110000;
FIRST INVESTISSEMENT;211600;21110000;
FIRST INVESTISSEMENT;211700;21110000;
FIRST INVESTISSEMENT;211800;21110000;
FIRST INVESTISSEMENT;211900;21110000;
FIRST INVESTISSEMENT;211910;21110000;
FIRST INVESTISSEMENT;211920;21110000;
FIRST INVESTISSEMENT;212000;21200000;
FIRST INVESTISSEMENT;212100;21200000;
FIRST INVESTISSEMENT;212200;21200000;
FIRST INVESTISSEMENT;213000;21300000;
FIRST INVESTISSEMENT;213100;21310000;
FIRST INVESTISSEMENT;213200;21310000;
FIRST INVESTISSEMENT;213300;21310000;
FIRST INVESTISSEMENT;213400;21310000;
FIRST INVESTISSEMENT;213500;21350000;
FIRST INVESTISSEMENT;213600;21350000;
FIRST INVESTISSEMENT;213700;21350000;
FIRST INVESTISSEMENT;213800;21350000;
FIRST INVESTISSEMENT;215000;21500000;
FIRST INVESTISSEMENT;215420;21540000;
FIRST INVESTISSEMENT;218200;21820000;
FIRST INVESTISSEMENT;218300;21830000;
FIRST INVESTISSEMENT;275000;27500000;
FIRST INVESTISSEMENT;281200;28120000;
FIRST INVESTISSEMENT;281210;28120000;
FIRST INVESTISSEMENT;281220;28120000;
FIRST INVESTISSEMENT;281300;28130000;
FIRST INVESTISSEMENT;281310;28131000;
FIRST INVESTISSEMENT;281320;28131000;
FIRST INVESTISSEMENT;281330;28131000;
FIRST INVESTISSEMENT;281340;28131000;
FIRST INVESTISSEMENT;281350;28131000;
FIRST INVESTISSEMENT;281360;28131000;
FIRST INVESTISSEMENT;281370;28131000;
FIRST INVESTISSEMENT;281380;28131000;
FIRST INVESTISSEMENT;281500;28150000;
FIRST INVESTISSEMENT;281550;28155000;
FIRST INVESTISSEMENT;281820;28182000;
FIRST INVESTISSEMENT;281830;28183000;
FIRST INVESTISSEMENT;281840;28184000;
FIRST INVESTISSEMENT;401000;40100000;
FIRST INVESTISSEMENT;401001;40120000;
FIRST INVESTISSEMENT;404000;40400000;
FIRST INVESTISSEMENT;411000;41100000;
FIRST INVESTISSEMENT;425100;42510000;
FIRST INVESTISSEMENT;431000;43100000;
FIRST INVESTISSEMENT;431200;43120000;
FIRST INVESTISSEMENT;432000;43200000;
FIRST INVESTISSEMENT;432100;43200000;
FIRST INVESTISSEMENT;444000;44400000;
FIRST INVESTISSEMENT;445500;44550000;
FIRST INVESTISSEMENT;445700;44570000;
FIRST INVESTISSEMENT;446000;44600000;
FIRST INVESTISSEMENT;455000;45500000;
FIRST INVESTISSEMENT;456000;45540000;
FIRST INVESTISSEMENT;467001;46700100;
FIRST INVESTISSEMENT;467002;46700100;
FIRST INVESTISSEMENT;512000;51201000;
FIRST INVESTISSEMENT;512001;51201000;
FIRST INVESTISSEMENT;512002;51201000;
FIRST INVESTISSEMENT;512003;51201000;
FIRST INVESTISSEMENT;530000;53000000;
FIRST INVESTISSEMENT;605200;60500000;
FIRST INVESTISSEMENT;613000;61300000;
FIRST INVESTISSEMENT;616000;61600000;
FIRST INVESTISSEMENT;622230;62260000;
FIRST INVESTISSEMENT;622300;62260000;
FIRST INVESTISSEMENT;622700;62260000;
FIRST INVESTISSEMENT;627000;62700000;
FIRST INVESTISSEMENT;627100;62710000;
FIRST INVESTISSEMENT;627300;62714000;
FIRST INVESTISSEMENT;627800;62714000;
FIRST INVESTISSEMENT;627900;62714000;
FIRST INVESTISSEMENT;627940;62714000;
FIRST INVESTISSEMENT;641000;64101000;
FIRST INVESTISSEMENT;645100;64505000;
FIRST INVESTISSEMENT;645110;64505000;
FIRST INVESTISSEMENT;645300;64505000;
FIRST INVESTISSEMENT;645310;64505000;
FIRST INVESTISSEMENT;648000;64800000;
FIRST INVESTISSEMENT;656000;65601000;
FIRST INVESTISSEMENT;658000;65800000;
FIRST INVESTISSEMENT;661000;66100000;
FIRST INVESTISSEMENT;661100;66105000;
FIRST INVESTISSEMENT;662000;66105000;
FIRST INVESTISSEMENT;681000;68111000;
FIRST INVESTISSEMENT;690000;69500000;
FIRST INVESTISSEMENT;708300;70830000;
FIRST INVESTISSEMENT;708600;70840000;
FIRST INVESTISSEMENT;708602;70840000;
FIRST INVESTISSEMENT;708603;70840000;
FIRST INVESTISSEMENT;708605;70840000;
FIRST INVESTISSEMENT;758000;75800000;
FIRST INVESTISSEMENT;761000;76500000;
ID MOTORS;10100000;10100000;
ID MOTORS;10610000;10610000;
ID MOTORS;11000000;11000000;
ID MOTORS;12000000;12000000;
ID MOTORS;12900000;12900000;
ID MOTORS;16300000;16300000;
ID MOTORS;16400000;16400000;
ID MOTORS;16410000;16410000;
ID MOTORS;20400000;20400000;
ID MOTORS;21500000;21500000;
ID MOTORS;21520000;21520000;
ID MOTORS;21810000;21810000;
ID MOTORS;21811000;21811000;
ID MOTORS;21820000;21820000;
ID MOTORS;21830000;21830000;
ID MOTORS;21831000;21831000;
ID MOTORS;21840000;21840000;
ID MOTORS;21850000;21850000;
ID MOTORS;26100000;26100000;
ID MOTORS;27500000;27500000;
ID MOTORS;28040000;28040000;
ID MOTORS;28150000;28150000;
ID MOTORS;28152000;28152000;
ID MOTORS;28181000;28181000;
ID MOTORS;28181100;28181100;
ID MOTORS;28182000;28182000;
ID MOTORS;28183000;28183000;
ID MOTORS;281831;28183100;
ID MOTORS;28184000;28184000;
ID MOTORS;28185000;28185000;
ID MOTORS;37100000;37100000;
ID MOTORS;38000000;38000000;
ID MOTORS;40100000;40100000;
ID MOTORS;40120000;40120000;
ID MOTORS;40300000;40300000;
ID MOTORS;40310000;40310000;
ID MOTORS;40320000;40320000;
ID MOTORS;40330000;40330000;
ID MOTORS;40340000;40340000;
ID MOTORS;40400000;40400000;
ID MOTORS;40800000;40800000;
ID MOTORS;40811000;40811000;
ID MOTORS;40910000;40910000;
ID MOTORS;41100000;41100000;
ID MOTORS;41110000;41110000;
ID MOTORS;41300000;41300000;
ID MOTORS;41311000;41311000;
ID MOTORS;41321000;41321000;
ID MOTORS;41331000;41331000;
ID MOTORS;41341000;41341000;
ID MOTORS;41600000;41600000;
ID MOTORS;41800000;41800000;
ID MOTORS;41890000;41810000;
ID MOTORS;41900000;41900000;
ID MOTORS;42100000;42100000;
ID MOTORS;42110000;42110000;
ID MOTORS;42500000;42500000;
ID MOTORS;42510000;42510000;
ID MOTORS;42700000;42700000;
ID MOTORS;42820000;42820000;
ID MOTORS;43100000;43100000;
ID MOTORS;43110000;43110000;
ID MOTORS;43200000;43200000;
ID MOTORS;43220000;43220000;
ID MOTORS;43300000;43300000;
ID MOTORS;43400000;43400000;
ID MOTORS;43600000;43500000;
ID MOTORS;44100000;44100000;
ID MOTORS;44310000;44310000;
ID MOTORS;44320000;44320000;
ID MOTORS;44420000;44420000;
ID MOTORS;44440000;44440000;
ID MOTORS;44450000;44440000;
ID MOTORS;44540000;44540000;
ID MOTORS;44550000;44550000;
ID MOTORS;44560000;44560000;
ID MOTORS;44561000;44561000;
ID MOTORS;44562000;44562000;
ID MOTORS;44563000;44563000;
ID MOTORS;44564000;44564000;
ID MOTORS;44565000;44565000;
ID MOTORS;44570000;44570000;
ID MOTORS;44571000;44571000;
ID MOTORS;44572000;44572000;
ID MOTORS;44575000;44575000;
ID MOTORS;44576000;44576000;
ID MOTORS;44580000;44580000;
ID MOTORS;44583000;44583000;
ID MOTORS;44600000;44600000;
ID MOTORS;45510000;45510000;
ID MOTORS;45520000;45520000;
ID MOTORS;45530000;45530000;
ID MOTORS;45540000;45540000;
ID MOTORS;45550000;45550000;
ID MOTORS;45580000;45514000;
ID MOTORS;46600000;46600000;
ID MOTORS;46610000;46610000;
ID MOTORS;46700001;46700001;
ID MOTORS;46700004;46700004;
ID MOTORS;46700005;46700005;
ID MOTORS;46700011;46700010;
ID MOTORS;46700012;46700012;
ID MOTORS;46710070;46710070;
ID MOTORS;46710071;46710071;
ID MOTORS;46710130;46710130;
ID MOTORS;46720000;46720000;
ID MOTORS;46720020;46720000;
ID MOTORS;46720040;46720000;
ID MOTORS;46720050;46720050;
ID MOTORS;46720060;46720050;
ID MOTORS;46720071;46720071;
ID MOTORS;46720072;46720072;
ID MOTORS;46720075;46720075;
ID MOTORS;46720076;46720076;
ID MOTORS;46720078;46720078;
ID MOTORS;46720079;46720079;
ID MOTORS;46720080;46720080;
ID MOTORS;46720081;46720081;
ID MOTORS;46720082;46720082;
ID MOTORS;46720083;46720083;
ID MOTORS;46720084;46720084;
ID MOTORS;46720085;46720084;
ID MOTORS;47100000;47100000;
ID MOTORS;48600000;48600000;
ID MOTORS;49100000;49100000;
ID MOTORS;51110000;51110000;
ID MOTORS;51112000;51112000;
ID MOTORS;51120000;51120000;
ID MOTORS;51121000;51121000;
ID MOTORS;51122000;51122000;
ID MOTORS;51130000;51130000;
ID MOTORS;51140000;51140000;
ID MOTORS;51201000;51201000;
ID MOTORS;51211000;51211000;
ID MOTORS;51221000;51221000;
ID MOTORS;51231000;51231000;
ID MOTORS;51241000;51241000;
ID MOTORS;51260000;51260000;
ID MOTORS;51270000;51270000;
ID MOTORS;51280000;51280000;
ID MOTORS;51910000;51910000;
ID MOTORS;51920000;51920000;
ID MOTORS;5194;51940000;
ID MOTORS;53100000;53100000;
ID MOTORS;53200000;53200000;
ID MOTORS;53700000;53700000;
ID MOTORS;53800000;53800000;
ID MOTORS;58000000;58000000;
ID MOTORS;60201000;60201000;
ID MOTORS;60205000;60205000;
ID MOTORS;60205200;60205200;
ID MOTORS;60206000;60206000;
ID MOTORS;60307000;60307000;
ID MOTORS;60308000;60308000;
ID MOTORS;60400000;60400000;
ID MOTORS;60500000;60500000;
ID MOTORS;60601000;60601000;
ID MOTORS;60602000;60602000;
ID MOTORS;60603000;60603000;
ID MOTORS;60604000;60604000;
ID MOTORS;60605000;60605000;
ID MOTORS;60606200;60606200;
ID MOTORS;60606400;60606200;
ID MOTORS;60606500;60606200;
ID MOTORS;60607000;60607000;
ID MOTORS;60608000;60608000;
ID MOTORS;60610000;60610000;
ID MOTORS;60701000;60701000;
ID MOTORS;60702000;60702000;
ID MOTORS;60801000;60801000;
ID MOTORS;60803000;60803000;
ID MOTORS;60804000;60804000;
ID MOTORS;60805000;60805000;
ID MOTORS;60807000;60807000;
ID MOTORS;60808000;60808000;
ID MOTORS;60811000;60811000;
ID MOTORS;60811100;60811100;
ID MOTORS;60812000;60812000;
ID MOTORS;60814000;60812000;
ID MOTORS;60880000;60880000;
ID MOTORS;60900000;60900000;
ID MOTORS;60940000;60940000;
ID MOTORS;60970000;60940000;
ID MOTORS;61110000;61110000;
ID MOTORS;61301000;61301000;
ID MOTORS;61302000;61302000;
ID MOTORS;61303000;61303000;
ID MOTORS;61304000;61304000;
ID MOTORS;61500000;61500000;
ID MOTORS;61501000;61501000;
ID MOTORS;61502000;61502000;
ID MOTORS;61503000;61503000;
ID MOTORS;61504000;61504000;
ID MOTORS;61510000;61506000;
ID MOTORS;61513000;61513000;
ID MOTORS;61601000;61601000;
ID MOTORS;61602000;61602000;
ID MOTORS;61604000;61604000;
ID MOTORS;61802000;61802000;
ID MOTORS;62100000;62100000;
ID MOTORS;62102000;62102000;
ID MOTORS;62201000;62201000;
ID MOTORS;62202000;62202000;
ID MOTORS;62203000;62203000;
ID MOTORS;62271000;62260000;
ID MOTORS;62301000;62301000;
ID MOTORS;62303000;62303000;
ID MOTORS;62400000;62400000;
ID MOTORS;62401000;62401000;
ID MOTORS;62501000;62501000;
ID MOTORS;62503000;62503000;
ID MOTORS;62504000;62504000;
ID MOTORS;62505000;62505000;
ID MOTORS;62506000;62506000;
ID MOTORS;62507000;62507000;
ID MOTORS;62602000;62602000;
ID MOTORS;62603000;62603000;
ID MOTORS;62604000;62604000;
ID MOTORS;62605000;62605000;
ID MOTORS;62606000;62606000;
ID MOTORS;62607000;62607000;
ID MOTORS;62701000;62701000;
ID MOTORS;62702000;62702000;
ID MOTORS;62703000;62703000;
ID MOTORS;62704000;62704000;
ID MOTORS;62705000;62705000;
ID MOTORS;62706000;62706000;
ID MOTORS;62707000;62707000;
ID MOTORS;62709000;62709000;
ID MOTORS;62710000;62710000;
ID MOTORS;62800000;62800000;
ID MOTORS;63501000;63501000;
ID MOTORS;63502000;63502000;
ID MOTORS;63503000;63503000;
ID MOTORS;63504000;63504000;
ID MOTORS;63506000;63506000;
ID MOTORS;63507000;63507000;
ID MOTORS;6350800;63508000;
ID MOTORS;64101000;64101000;
ID MOTORS;64101300;64101300;
ID MOTORS;64102000;64102000;
ID MOTORS;64103000;64103000;
ID MOTORS;64104000;64104000;
ID MOTORS;64105000;64105000;
ID MOTORS;64106000;64106000;
ID MOTORS;64188000;64180000;
ID MOTORS;64501000;64501000;
ID MOTORS;64502000;64502000;
ID MOTORS;64504000;64504000;
ID MOTORS;64505000;64505000;
ID MOTORS;64506000;64505000;
ID MOTORS;64700000;64700000;
ID MOTORS;64800000;64800000;
ID MOTORS;64802000;64802000;
ID MOTORS;64803000;64803000;
ID MOTORS;64808000;64808000;
ID MOTORS;65100000;65100000;
ID MOTORS;65200000;65200000;
ID MOTORS;65601000;65601000;
ID MOTORS;65602000;65602000;
ID MOTORS;65700000;65700000;
ID MOTORS;65800000;65800000;
ID MOTORS;66101000;66101000;
ID MOTORS;66102000;66102000;
ID MOTORS;66103000;66103000;
ID MOTORS;66104000;66104000;
ID MOTORS;66105000;66105000;
ID MOTORS;66106;66105000;
ID MOTORS;66600000;66600000;
ID MOTORS;68112000;68112000;
ID MOTORS;69300000;69500000;
ID MOTORS;69800000;69500000;
ID MOTORS;7060000;70600000;
ID MOTORS;70700000;70700000;
ID MOTORS;70710000;70710000;
ID MOTORS;70720000;70720000;
ID MOTORS;70800000;70800000;
ID MOTORS;70830000;70830000;
ID MOTORS;70900000;70900000;
ID MOTORS;75200000;75200000;
ID MOTORS;75800000;75800000;
ID MOTORS;75810000;75810000;
ID MOTORS;76500000;76500000;
ID MOTORS;76880000;76880000;
ID MOTORS;78500000;78500000;
ID RENTAL;1010000;10100000;
ID RENTAL;1060000;10610000;
ID RENTAL;1200000;12000000;
ID RENTAL;1280000;12800000;
ID RENTAL;1610000;16100000;
ID RENTAL;1620000;16200000;
ID RENTAL;1621000;16200000;
ID RENTAL;1622000;16200000;
ID RENTAL;1623000;16200000;
ID RENTAL;1624000;16200000;
ID RENTAL;1625000;16200000;
ID RENTAL;1626000;16200000;
ID RENTAL;1627000;16200000;
ID RENTAL;1630000;16300000;
ID RENTAL;1631000;16300000;
ID RENTAL;1640001;16400010;
ID RENTAL;1640002;16400020;
ID RENTAL;1640003;16400030;
ID RENTAL;1640004;16400040;
ID RENTAL;1640005;16400050;
ID RENTAL;1640006;16400060;
ID RENTAL;1640007;16400070;
ID RENTAL;1640008;16400080;
ID RENTAL;1640009;16400090;
ID RENTAL;1640010;16400100;
ID RENTAL;1640011;16400110;
ID RENTAL;1640012;16400120;
ID RENTAL;1640013;16400130;
ID RENTAL;1640014;16400140;
ID RENTAL;1640015;16400150;
ID RENTAL;1640016;16400150;
ID RENTAL;1640017;16400150;
ID RENTAL;1640018;16400150;
ID RENTAL;1640019;16400150;
ID RENTAL;1640020;16400150;
ID RENTAL;1640021;16400150;
ID RENTAL;1640022;16400150;
ID RENTAL;1640023;16400150;
ID RENTAL;1640024;16400150;
ID RENTAL;2153000;21530000;
ID RENTAL;2181100;21811000;
ID RENTAL;2182000;21820000;
ID RENTAL;2183000;21830000;
ID RENTAL;2184000;21840000;
ID RENTAL;2750000;27500000;
ID RENTAL;2815300;28153000;
ID RENTAL;2818110;28181100;
ID RENTAL;2818200;28182000;
ID RENTAL;2818300;28183000;
ID RENTAL;2818400;28184000;
ID RENTAL;4010000;40100000;
ID RENTAL;4011000;40110000;
ID RENTAL;4012000;40120000;
ID RENTAL;4031000;40310000;
ID RENTAL;4032000;40320000;
ID RENTAL;4034000;40340000;
ID RENTAL;4040000;40400000;
ID RENTAL;4080000;40800000;
ID RENTAL;4081100;40811000;
ID RENTAL;4091000;40910000;
ID RENTAL;4111000;41110000;
ID RENTAL;4130000;41300000;
ID RENTAL;4180000;41800000;
ID RENTAL;4190000;41900000;
ID RENTAL;4210000;42100000;
ID RENTAL;4251000;42510000;
ID RENTAL;4282000;42820000;
ID RENTAL;4310000;43100000;
ID RENTAL;4311000;43110000;
ID RENTAL;4312000;43120000;
ID RENTAL;4320000;43200000;
ID RENTAL;4322000;43220000;
ID RENTAL;4330000;43300000;
ID RENTAL;4340000;43400000;
ID RENTAL;4410000;44100000;
ID RENTAL;4430000;44300000;
ID RENTAL;4431000;44310000;
ID RENTAL;4432000;44320000;
ID RENTAL;4441000;44410000;
ID RENTAL;4442000;44420000;
ID RENTAL;4455000;44550000;
ID RENTAL;4456200;44562000;
ID RENTAL;4456400;44564000;
ID RENTAL;4456500;44565000;
ID RENTAL;4457000;44570000;
ID RENTAL;4457400;44574000;
ID RENTAL;4458000;44580000;
ID RENTAL;4458300;44583000;
ID RENTAL;4550000;45500000;
ID RENTAL;4620000;46200000;
ID RENTAL;4660000;46600000;
ID RENTAL;4661000;46610000;
ID RENTAL;4670000;46700000;
ID RENTAL;4670001;46700010;
ID RENTAL;4671007;46710070;
ID RENTAL;4671016;46710160;
ID RENTAL;4671017;46710170;
ID RENTAL;4672012;46720120;
ID RENTAL;4710000;47100000;
ID RENTAL;4860000;48600000;
ID RENTAL;4870000;48700000;
ID RENTAL;5111000;51110000;
ID RENTAL;5112000;51120000;
ID RENTAL;5114000;51140000;
ID RENTAL;5120100;51201000;
ID RENTAL;5121100;51211000;
ID RENTAL;5122100;51221000;
ID RENTAL;5123100;51231000;
ID RENTAL;5124100;51241000;
ID RENTAL;5180000;51800000;
ID RENTAL;5320000;53200000;
ID RENTAL;6040000;60400000;
ID RENTAL;6060200;60602000;
ID RENTAL;6060300;60603000;
ID RENTAL;6060500;60605000;
ID RENTAL;6060600;60606000;
ID RENTAL;6060700;60607000;
ID RENTAL;6060800;60608000;
ID RENTAL;6060900;60609000;
ID RENTAL;6090000;60900000;
ID RENTAL;6111000;61110000;
ID RENTAL;6130200;61302000;
ID RENTAL;6150000;61500000;
ID RENTAL;6150100;61501000;
ID RENTAL;6150200;61502000;
ID RENTAL;6150300;61503000;
ID RENTAL;6160100;61601000;
ID RENTAL;6160200;61602000;
ID RENTAL;6160300;61603000;
ID RENTAL;6160400;61604000;
ID RENTAL;6180100;61801000;
ID RENTAL;6180200;61802000;
ID RENTAL;6210000;62100000;
ID RENTAL;6210200;62102000;
ID RENTAL;6220100;62201000;
ID RENTAL;6220200;62202000;
ID RENTAL;6220300;62203000;
ID RENTAL;6230100;62301000;
ID RENTAL;6230300;62303000;
ID RENTAL;6240000;62400000;
ID RENTAL;6250000;62500000;
ID RENTAL;6250100;62501000;
ID RENTAL;6250300;62503000;
ID RENTAL;6250400;62504000;
ID RENTAL;6250500;62505000;
ID RENTAL;6250600;62506000;
ID RENTAL;6250700;62507000;
ID RENTAL;6260200;62602000;
ID RENTAL;6260400;62604000;
ID RENTAL;6260500;62605000;
ID RENTAL;6270000;62700000;
ID RENTAL;6270100;62701000;
ID RENTAL;6270200;62702000;
ID RENTAL;6270300;62703000;
ID RENTAL;6270600;62706000;
ID RENTAL;6280000;62800000;
ID RENTAL;6281000;62800000;
ID RENTAL;6350000;63500000;
ID RENTAL;6350100;63501000;
ID RENTAL;6350300;63503000;
ID RENTAL;6350400;63504000;
ID RENTAL;6350700;63507000;
ID RENTAL;6410100;64101000;
ID RENTAL;6410200;64102000;
ID RENTAL;6410300;64103000;
ID RENTAL;6410400;64104000;
ID RENTAL;6410500;64105000;
ID RENTAL;6410600;64106000;
ID RENTAL;6418800;64180000;
ID RENTAL;6450100;64501000;
ID RENTAL;6450200;64502000;
ID RENTAL;6450300;64503000;
ID RENTAL;6450400;64504000;
ID RENTAL;6458000;64580000;
ID RENTAL;6480000;64800000;
ID RENTAL;6480300;64803000;
ID RENTAL;6510000;65100000;
ID RENTAL;6520000;65200000;
ID RENTAL;6560100;65601000;
ID RENTAL;6570000;65700000;
ID RENTAL;6580000;65800000;
ID RENTAL;6610100;66101000;
ID RENTAL;6610200;66102000;
ID RENTAL;6610300;66103000;
ID RENTAL;6610500;66105000;
ID RENTAL;6660000;66600000;
ID RENTAL;6811200;68112000;
ID RENTAL;6980000;69500000;
ID RENTAL;7060000;70600000;
ID RENTAL;7061000;70610000;
ID RENTAL;7080000;70800000;
ID RENTAL;7083000;70830000;
ID RENTAL;7084000;70840000;
ID RENTAL;7520000;75200000;
ID RENTAL;7580000;75800000;
ID RENTAL;7581000;75810000;
ID RENTAL;7585000;75850000;
IDF;10100000;10100000;
IDF;10610000;10610000;
IDF;11000000;11000000;
IDF;12000000;12000000;
IDF;12800000;12800000;
IDF;16200000;16200000;
IDF;16220000;16200000;
IDF;16230000;16200000;
IDF;16500000;16500000;
IDF;16510000;16500000;
IDF;20400000;20400000;
IDF;20800000;20800000;
IDF;21100000;21100000;
IDF;21110000;21110000;
IDF;21310000;21310000;
IDF;21500000;21500000;
IDF;21510000;21510000;
IDF;21810000;21810000;
IDF;21820000;21820000;
IDF;21830000;21830000;
IDF;21840000;21840000;
IDF;21850000;21850000;
IDF;23000000;23000000;
IDF;23120000;23120000;
IDF;23140000;23140000;
IDF;27500000;27500000;
IDF;28040000;28040000;
IDF;28111000;28120000;
IDF;28130000;28130000;
IDF;28150000;28150000;
IDF;28151000;28151000;
IDF;28181000;28181000;
IDF;28182000;28182000;
IDF;28183000;28183000;
IDF;28184000;28184000;
IDF;28185000;28185000;
IDF;40100000;40100000;
IDF;40310000;40310000;
IDF;40320000;40320000;
IDF;40400000;40400000;
IDF;40800000;40800000;
IDF;40900000;40900000;
IDF;41100000;41100000;
IDF;41110000;41110000;
IDF;41600000;41600000;
IDF;41810000;41810000;
IDF;41890000;41810000;
IDF;41910000;41910000;
IDF;42100000;42100000;
IDF;42510000;42510000;
IDF;42520000;42520000;
IDF;42540000;42540000;
IDF;42800000;42800000;
IDF;43100000;43100000;
IDF;43110000;43110000;
IDF;43200000;43200000;
IDF;43220000;43220000;
IDF;43300000;43300000;
IDF;43700000;43500000;
IDF;43800000;43800000;
IDF;44000000;44000000;
IDF;44100000;44100000;
IDF;44200000;44200000;
IDF;44300000;44300000;
IDF;44350000;44440000;
IDF;44400000;44400000;
IDF;44410000;44410000;
IDF;44430000;44430000;
IDF;44550000;44550000;
IDF;44562000;44562000;
IDF;44564000;44564000;
IDF;44565000;44565000;
IDF;44572000;44572000;
IDF;44576000;44576000;
IDF;44580000;44580000;
IDF;44583000;44583000;
IDF;44587000;44587000;
IDF;45510000;45510000;
IDF;45540000;45540000;
IDF;46200000;46200000;
IDF;46600000;46600000;
IDF;46610000;46610000;
IDF;46610000;46610000;
IDF;46700000;46700000;
IDF;46700000;46700000;
IDF;46710050;46710000;
IDF;46720600;46720120;
IDF;46720900;46720900;
IDF;46722000;46720900;
IDF;46800000;46800000;
IDF;47100000;47100000;
IDF;47110000;47100000;
IDF;48600000;48600000;
IDF;49100000;49100000;
IDF;51110000;51110000;
IDF;51140000;51140000;
IDF;51211000;51211000;
IDF;51221000;51221000;
IDF;51231000;51231000;
IDF;51241000;51241000;
IDF;51251000;51251000;
IDF;51800000;51800000;
IDF;53100000;53100000;
IDF;53400000;53400000;
IDF;60601000;60601000;
IDF;60602000;60602000;
IDF;60603000;60603000;
IDF;60604000;60604000;
IDF;60605000;60605000;
IDF;60607000;60607000;
IDF;60608000;60608000;
IDF;60609000;60609000;
IDF;60670000;60670000;
IDF;60900000;60900000;
IDF;61101000;61100000;
IDF;61301000;61301000;
IDF;61302000;61302000;
IDF;61303000;61303000;
IDF;61400000;61400000;
IDF;61500000;61500000;
IDF;61501000;61501000;
IDF;61501120;61501000;
IDF;61501700;61501000;
IDF;61502000;61502000;
IDF;61503000;61503000;
IDF;61601000;61601000;
IDF;61602000;61602000;
IDF;61603000;61603000;
IDF;61604000;61604000;
IDF;61801000;61801000;
IDF;62101000;62101000;
IDF;62102000;62102000;
IDF;62106000;62105000;
IDF;62110000;62105000;
IDF;62201000;62201000;
IDF;62203000;62203000;
IDF;62205000;62204000;
IDF;62208000;62208000;
IDF;62301000;62301000;
IDF;62303000;62303000;
IDF;62304000;62304000;
IDF;62401000;62401000;
IDF;62505000;62505000;
IDF;62506000;62506000;
IDF;62507000;62507000;
IDF;62601000;62601000;
IDF;62602000;62602000;
IDF;62603000;62603000;
IDF;62604000;62604000;
IDF;62605000;62605000;
IDF;62607000;62607000;
IDF;62608000;62608000;
IDF;62701000;62701000;
IDF;62703000;62703000;
IDF;62704000;62704000;
IDF;62707000;62707000;
IDF;62708000;62708000;
IDF;62709000;62709000;
IDF;62800000;62800000;
IDF;63501000;63501000;
IDF;63502000;63502000;
IDF;63504000;63504000;
IDF;63506000;63506000;
IDF;63508000;63508000;
IDF;64101000;64101000;
IDF;64102000;64102000;
IDF;64103000;64103000;
IDF;64104000;64104000;
IDF;64105000;64105000;
IDF;64180000;64180000;
IDF;64188000;64180000;
IDF;64501000;64501000;
IDF;64502000;64502000;
IDF;64503000;64503000;
IDF;64504000;64504000;
IDF;64507000;64505000;
IDF;64580000;64580000;
IDF;64801000;64801000;
IDF;64803000;64803000;
IDF;65100000;65100000;
IDF;65601000;65601000;
IDF;65602000;65602000;
IDF;65700000;65700000;
IDF;65800000;65800000;
IDF;66102000;66102000;
IDF;66103000;66103000;
IDF;66600000;66600000;
IDF;68112000;68112000;
IDF;69520000;69500000;
IDF;69800000;69500000;
IDF;70610000;70610000;
IDF;70620000;70620000;
IDF;70700000;70700000;
IDF;70820000;70820000;
IDF;70850000;70840000;
IDF;70900000;70900000;
IDF;75200000;75200000;
IDF;75800000;75800000;
IDF;75810000;75810000;
IDF;75811000;75810000;
IDF;75850000;75850000;
IDF;76500000;76500000;
IDF;76880000;76880000;
IDF;78500000;78500000;
INVISO;10100000;10100000;
INVISO;11900000;11900000;
INVISO;12800000;12800000;
INVISO;20400000;20400000;
INVISO;21500000;21500000;
INVISO;21510000;21510000;
INVISO;21800000;21800000;
INVISO;21810000;21810000;
INVISO;21820000;21820000;
INVISO;21830000;21830000;
INVISO;21840000;21840000;
INVISO;23120000;23120000;
INVISO;26100000;26100000;
INVISO;27500000;27500000;
INVISO;28040000;28040000;
INVISO;28150000;28150000;
INVISO;28151000;28151000;
INVISO;28181000;28181000;
INVISO;28182000;28182000;
INVISO;28183000;28183000;
INVISO;28184000;28184000;
INVISO;28185000;28185000;
INVISO;40100000;40100000;
INVISO;40340000;40340000;
INVISO;40800000;40800000;
INVISO;40900000;40900000;
INVISO;41100000;41100000;
INVISO;42100000;42100000;
INVISO;42510000;42510000;
INVISO;42520000;42520000;
INVISO;42540000;42540000;
INVISO;42800000;42800000;
INVISO;43100000;43100000;
INVISO;43110000;43110000;
INVISO;43200000;43200000;
INVISO;43300000;43300000;
INVISO;43600000;43500000;
INVISO;43700000;43500000;
INVISO;43860000;43860000;
INVISO;44100000;44100000;
INVISO;44310000;44310000;
INVISO;44320000;44320000;
INVISO;44330000;44330000;
INVISO;44430000;44430000;
INVISO;44550000;44550000;
INVISO;44562000;44562000;
INVISO;44563000;44563000;
INVISO;44564000;44564000;
INVISO;44565000;44565000;
INVISO;44570000;44570000;
INVISO;44571000;44571000;
INVISO;44580000;44580000;
INVISO;44583000;44583000;
INVISO;45510000;45510000;
INVISO;45520000;45520000;
INVISO;45530000;45530000;
INVISO;45540000;45540000;
INVISO;46600000;46600000;
INVISO;46610000;46610000;
INVISO;46610000;46610000;
INVISO;46610000;46610000;
INVISO;46610000;46610000;
INVISO;46610000;46610000;
INVISO;46610000;46610000;
INVISO;46610000;46610000;
INVISO;46610000;46610000;
INVISO;46610000;46610000;
INVISO;46610000;46610000;
INVISO;46610000;46610000;
INVISO;46610000;46610000;
INVISO;46610000;46610000;
INVISO;46610000;46610000;
INVISO;46610000;46610000;
INVISO;46610000;46610000;
INVISO;46610000;46610000;
INVISO;46610000;46610000;
INVISO;46610000;46610000;
INVISO;46610000;46610000;
INVISO;46610000;46610000;
INVISO;46610000;46610000;
INVISO;46610000;46610000;
INVISO;46610000;46610000;
INVISO;46610000;46610000;
INVISO;46610000;46610000;
INVISO;46610000;46610000;
INVISO;46610000;46610000;
INVISO;46610000;46610000;
INVISO;46610000;46610000;
INVISO;46610000;46610000;
INVISO;46610000;46610000;
INVISO;46610000;46610000;
INVISO;46610000;46610000;
INVISO;46610000;46610000;
INVISO;46610000;46610000;
INVISO;46610000;46610000;
INVISO;46610000;46610000;
INVISO;46610000;46610000;
INVISO;46610000;46610000;
INVISO;46610000;46610000;
INVISO;46610000;46610000;
INVISO;46610000;46610000;
INVISO;46700000;46700000;
INVISO;46700000;46700000;
INVISO;46700000;46700000;
INVISO;46700000;46700000;
INVISO;46700000;46700000;
INVISO;46700000;46700000;
INVISO;46700000;46700000;
INVISO;46700000;46700000;
INVISO;46700000;46700000;
INVISO;46700000;46700000;
INVISO;46700000;46700000;
INVISO;46700000;46700000;
INVISO;46700000;46700000;
INVISO;46700000;46700000;
INVISO;46700000;46700000;
INVISO;46700000;46700000;
INVISO;46700000;46700000;
INVISO;46700000;46700000;
INVISO;46700000;46700000;
INVISO;46700000;46700000;
INVISO;47100000;47100000;
INVISO;48600000;48600000;
INVISO;51110000;51110000;
INVISO;51140000;51140000;
INVISO;51241000;51241000;
INVISO;53100000;53100000;
INVISO;58000000;58000000;
INVISO;60601000;60601000;
INVISO;60602000;60602000;
INVISO;60604000;60604000;
INVISO;60605000;60605000;
INVISO;60605100;60605000;
INVISO;60607000;60607000;
INVISO;60608000;60608000;
INVISO;60804000;60804000;
INVISO;60809000;60809000;
INVISO;61100000;61100000;
INVISO;61301000;61301000;
INVISO;61302000;61302000;
INVISO;61303000;61303000;
INVISO;61500000;61500000;
INVISO;61501000;61501000;
INVISO;61501400;61501000;
INVISO;61503000;61503000;
INVISO;61601000;61601000;
INVISO;61602000;61602000;
INVISO;61604000;61604000;
INVISO;61801000;61801000;
INVISO;61802000;61802000;
INVISO;62101000;62101000;
INVISO;62102000;62102000;
INVISO;62103000;62103000;
INVISO;62202000;62202000;
INVISO;62203000;62203000;
INVISO;62208000;62208000;
INVISO;62301000;62301000;
INVISO;62302000;62302000;
INVISO;62303000;62303000;
INVISO;62304000;62304000;
INVISO;62501000;62501000;
INVISO;62502000;62502000;
INVISO;62503000;62503000;
INVISO;62504000;62504000;
INVISO;62505000;62505000;
INVISO;62506000;62506000;
INVISO;62507000;62507000;
INVISO;62601000;62601000;
INVISO;62602000;62602000;
INVISO;62603000;62603000;
INVISO;62604000;62604000;
INVISO;62607000;62607000;
INVISO;62608000;62608000;
INVISO;62701000;62701000;
INVISO;62703000;62703000;
INVISO;62705000;62705000;
INVISO;62706000;62706000;
INVISO;62710000;62710000;
INVISO;63501000;63501000;
INVISO;63504000;63504000;
INVISO;63506000;63506000;
INVISO;63508000;63508000;
INVISO;64101000;64101000;
INVISO;64102000;64102000;
INVISO;64103000;64103000;
INVISO;64104000;64104000;
INVISO;64105000;64105000;
INVISO;64180000;64180000;
INVISO;64188000;64180000;
INVISO;64501000;64501000;
INVISO;64502000;64502000;
INVISO;64504000;64504000;
INVISO;64506000;64505000;
INVISO;64507000;64505000;
INVISO;64700000;64700000;
INVISO;64801000;64801000;
INVISO;64803000;64803000;
INVISO;64804000;64804000;
INVISO;64805000;64805000;
INVISO;65100000;65100000;
INVISO;65601000;65601000;
INVISO;65602000;65602000;
INVISO;65700000;65700000;
INVISO;66600000;66600000;
INVISO;68112000;68112000;
INVISO;69500000;69500000;
INVISO;70600000;70600000;
INVISO;75800000;75800000;
INVISO;75810000;75810000;
INVISO;76600000;76600000;
IRS IMMO;1010000;10100000;
IRS IMMO;1061000;10610000;
IRS IMMO;1190000;11900000;
IRS IMMO;1280000;12800000;
IRS IMMO;1650000;16500000;
IRS IMMO;2110000;21100000;
IRS IMMO;2130000;21300000;
IRS IMMO;2150000;21500000;
IRS IMMO;2181000;21810000;
IRS IMMO;2185000;21850000;
IRS IMMO;2813000;28130000;
IRS IMMO;2815000;28150000;
IRS IMMO;2818100;28181000;
IRS IMMO;2818500;28185000;
IRS IMMO;4011000;40110000;
IRS IMMO;4081000;40810000;
IRS IMMO;4111000;41110000;
IRS IMMO;4160000;41600000;
IRS IMMO;4181000;41810000;
IRS IMMO;4430000;44300000;
IRS IMMO;4454000;44540000;
IRS IMMO;4456200;44562000;
IRS IMMO;4456400;44564000;
IRS IMMO;4457200;44572000;
IRS IMMO;4551300;45513000;
IRS IMMO;4660000;46600000;
IRS IMMO;4661000;46610000;
IRS IMMO;4670000;46700000;
IRS IMMO;4680000;46800000;
IRS IMMO;4860000;48600000;
IRS IMMO;4910000;49100000;
IRS IMMO;5121100;51211000;
IRS IMMO;5310000;53100000;
IRS IMMO;6061000;60610000;
IRS IMMO;6065000;60650000;
IRS IMMO;6130200;61302000;
IRS IMMO;6150100;61501000;
IRS IMMO;6160200;61602000;
IRS IMMO;6210000;62100000;
IRS IMMO;6210200;62102000;
IRS IMMO;6270300;62703000;
IRS IMMO;6270400;62704000;
IRS IMMO;6270800;62708000;
IRS IMMO;6270900;62709000;
IRS IMMO;6271300;62713000;
IRS IMMO;6350200;63502000;
IRS IMMO;6510000;65100000;
IRS IMMO;6570000;65700000;
IRS IMMO;6580000;65800000;
IRS IMMO;6610200;66102000;
IRS IMMO;6811200;68112000;
IRS IMMO;6850000;68112000;
IRS IMMO;7061000;70610000;
IRS IMMO;7580000;75800000;
ISF;1010000;10100000;
ISF;1190000;11900000;
ISF;1200000;12000000;
ISF;1280000;12800000;
ISF;2120000;21200000;
ISF;2130000;21300000;
ISF;2813000;28130000;
ISF;4011000;40110000;
ISF;4431000;44310000;
ISF;4442000;44420000;
ISF;4455000;44550000;
ISF;4551100;45511000;
ISF;4662000;46620000;
ISF;4670000;46700000;
ISF;5124100;51241000;
ISF;6061000;60610000;
ISF;6065000;60650000;
ISF;6150000;61500000;
ISF;6220100;62201000;
ISF;6271300;62713000;
ISF;6570000;65700000;
ISF;6811200;68112000;
ISF;7580000;75800000;
LMOI;10100000;10100000;
LMOI;10500000;10500000;
LMOI;10610000;10610000;
LMOI;11000000;11000000;
LMOI;11900000;11900000;
LMOI;16100000;16100000;
LMOI;16110000;16110000;
LMOI;16200000;16200000;
LMOI;16411000;16411000;
LMOI;16412000;16412000;
LMOI;16413000;16413000;
LMOI;16414000;16413000;
LMOI;16885000;16500000;
LMOI;20400000;20400000;
LMOI;21110000;21110000;
LMOI;21120000;21110000;
LMOI;21210000;21200000;
LMOI;21310000;21310000;
LMOI;21321000;21310000;
LMOI;21322000;21310000;
LMOI;21323000;21310000;
LMOI;21324000;21310000;
LMOI;21331000;21310000;
LMOI;21332000;21310000;
LMOI;21333000;21310000;
LMOI;21334000;21310000;
LMOI;21335000;21310000;
LMOI;21336000;21310000;
LMOI;21341000;21310000;
LMOI;21342000;21310000;
LMOI;21350000;21350000;
LMOI;21360000;21350000;
LMOI;21370000;21350000;
LMOI;21380000;21350000;
LMOI;21390000;21350000;
LMOI;21391000;21350000;
LMOI;21392000;21350000;
LMOI;21394000;21350000;
LMOI;213950000;21350000;
LMOI;21396000;21350000;
LMOI;21540000;21540000;
LMOI;21543000;21540000;
LMOI;21560000;21550000;
LMOI;21570000;21570000;
LMOI;21810000;21810000;
LMOI;21820000;21820000;
LMOI;21830000;21830000;
LMOI;21840000;21840000;
LMOI;21850000;21850000;
LMOI;23000000;23000000;
LMOI;23010000;23100000;
LMOI;23020000;23100000;
LMOI;23030000;23100000;
LMOI;23040000;23100000;
LMOI;23050000;23100000;
LMOI;23060000;23100000;
LMOI;27500000;27500000;
LMOI;28040000;28040000;
LMOI;28120000;28120000;
LMOI;28130000;28130000;
LMOI;28131000;28131000;
LMOI;281321000;28131000;
LMOI;28132300;28131000;
LMOI;28132400;28131000;
LMOI;281331;28131000;
LMOI;28133200;28131000;
LMOI;28133300;28131000;
LMOI;28133400;28131000;
LMOI;28133500;28131000;
LMOI;28133600;28131000;
LMOI;28134100;28131000;
LMOI;28135000;28131000;
LMOI;28136000;28131000;
LMOI;28137000;28131000;
LMOI;28138000;28131000;
LMOI;28139000;28131000;
LMOI;28139100;28131000;
LMOI;28139200;28131000;
LMOI;28139400;28131000;
LMOI;28139500;28131000;
LMOI;28139600;28131000;
LMOI;28154000;28154000;
LMOI;28154300;28154000;
LMOI;28156000;28156000;
LMOI;28157000;28157000;
LMOI;28181000;28181000;
LMOI;28182000;28182000;
LMOI;28183000;28183000;
LMOI;28184000;28184000;
LMOI;28185000;28185000;
LMOI;31000000;31000000;
LMOI;31020000;31000000;
LMOI;32000000;32600000;
LMOI;35501000;35500000;
LMOI;35502000;35500000;
LMOI;35503000;35500000;
LMOI;39500000;39500000;
LMOI;40110000;40110000;
LMOI;40120000;40120000;
LMOI;40400000;40400000;
LMOI;40800000;40800000;
LMOI;40910000;40910000;
LMOI;41100000;41100000;
LMOI;41310000;41300000;
LMOI;41311000;41311000;
LMOI;41600000;41600000;
LMOI;41910000;41910000;
LMOI;42520000;42520000;
LMOI;42800000;42800000;
LMOI;43100000;43100000;
LMOI;43110000;43110000;
LMOI;43200000;43200000;
LMOI;43220000;43220000;
LMOI;43300000;43300000;
LMOI;44100000;44100000;
LMOI;44300000;44300000;
LMOI;44400000;44400000;
LMOI;44410000;44410000;
LMOI;44420000;44420000;
LMOI;44430000;44430000;
LMOI;44550000;44550000;
LMOI;44562000;44562000;
LMOI;44564000;44564000;
LMOI;45510000;45510000;
LMOI;45520000;45520000;
LMOI;45530000;45530000;
LMOI;45540000;45540000;
LMOI;45550000;45550000;
LMOI;46600000;46600000;
LMOI;46700002;46700002;
LMOI;46700004;46700004;
LMOI;46710070;46710070;
LMOI;48600000;48600000;
LMOI;48610000;48600000;
LMOI;49100000;49100000;
LMOI;51211000;51211000;
LMOI;51211100;51211100;
LMOI;51221000;51221000;
LMOI;51231000;51231000;
LMOI;53100000;53100000;
LMOI;53300000;53300000;
LMOI;53400000;53400000;
LMOI;53600000;53600000;
LMOI;58000000;58000000;
LMOI;60101000;60101000;
LMOI;60201000;60201000;
LMOI;60205000;60205000;
LMOI;60223000;60220000;
LMOI;60301000;60301000;
LMOI;60302000;60302000;
LMOI;60303000;60303000;
LMOI;60500000;60500000;
LMOI;60607000;60607000;
LMOI;60611000;60611000;
LMOI;60612000;60611000;
LMOI;60630000;60630000;
LMOI;60631000;60630000;
LMOI;60636000;60630000;
LMOI;60640000;60640000;
LMOI;60801000;60801000;
LMOI;60802000;60802000;
LMOI;60803000;60803000;
LMOI;60804000;60804000;
LMOI;60808000;60808000;
LMOI;60811000;60811000;
LMOI;60811100;60811100;
LMOI;60812000;60812000;
LMOI;61301000;61301000;
LMOI;61400000;61400000;
LMOI;61500000;61500000;
LMOI;61502000;61502000;
LMOI;61503000;61503000;
LMOI;61504000;61504000;
LMOI;61601000;61601000;
LMOI;61602000;61602000;
LMOI;61603000;61603000;
LMOI;61604000;61604000;
LMOI;62100000;62100000;
LMOI;62102000;62102000;
LMOI;62110000;62105000;
LMOI;62202000;62202000;
LMOI;62203000;62203000;
LMOI;62204000;62204000;
LMOI;62205000;62204000;
LMOI;6226000;62260000;
LMOI;62301000;62301000;
LMOI;62302000;62302000;
LMOI;62303000;62303000;
LMOI;62402000;62402000;
LMOI;62403000;62403000;
LMOI;62501000;62501000;
LMOI;62504000;62504000;
LMOI;62505000;62505000;
LMOI;62506000;62506000;
LMOI;62602000;62602000;
LMOI;62603000;62603000;
LMOI;62604000;62604000;
LMOI;62701000;62701000;
LMOI;62702000;62702000;
LMOI;62703000;62703000;
LMOI;62704000;62704000;
LMOI;62705000;62705000;
LMOI;62706000;62706000;
LMOI;62707000;62707000;
LMOI;62709000;62709000;
LMOI;62711000;62711000;
LMOI;62712000;62712000;
LMOI;62713000;62713000;
LMOI;62800000;62800000;
LMOI;63501000;63501000;
LMOI;63504000;63504000;
LMOI;63507000;63507000;
LMOI;63508000;63508000;
LMOI;63509000;63508000;
LMOI;64101000;64101000;
LMOI;64101300;64101300;
LMOI;64102000;64102000;
LMOI;64103000;64103000;
LMOI;64104000;64104000;
LMOI;64105000;64105000;
LMOI;64107000;64107000;
LMOI;64180000;64180000;
LMOI;64501000;64501000;
LMOI;64502000;64502000;
LMOI;64503000;64503000;
LMOI;64504000;64504000;
LMOI;64801000;64801000;
LMOI;64802000;64802000;
LMOI;64803000;64803000;
LMOI;64808000;64808000;
LMOI;65602000;65602000;
LMOI;65700000;65700000;
LMOI;65800000;65800000;
LMOI;66102000;66102000;
LMOI;66103000;66103000;
LMOI;66600000;66600000;
LMOI;68112000;68112000;
LMOI;69500000;69500000;
LMOI;70110000;70110000;
LMOI;70111000;70110000;
LMOI;70120000;70120000;
LMOI;70130000;70120000;
LMOI;70140000;70120000;
LMOI;70170000;70120000;
LMOI;70190000;70120000;
LMOI;70191000;70120000;
LMOI;71400000;71400000;
LMOI;75800000;75800000;
LMOI;75850000;75850000;
LMOI;76500000;76500000;
LMOI;76600000;76600000;
LMOI;78180000;78500000;
MABEL;10100000;10100000;
MABEL;11900000;11900000;
MABEL;13200000;13110000;
MABEL;16413000;16413000;
MABEL;16500000;16500000;
MABEL;16610303;16500000;
MABEL;16610304;16500000;
MABEL;16610305;16500000;
MABEL;16610307;16500000;
MABEL;16610308;16500000;
MABEL;16610309;16500000;
MABEL;16610310;16500000;
MABEL;20300000;20300000;
MABEL;21100000;21100000;
MABEL;21200000;21200000;
MABEL;21300000;21300000;
MABEL;21500000;21500000;
MABEL;21510000;21510000;
MABEL;21530000;21530000;
MABEL;21540000;21540000;
MABEL;2155000;21550000;
MABEL;21810000;21810000;
MABEL;21820000;21820000;
MABEL;21830000;21830000;
MABEL;21840000;21840000;
MABEL;21850000;21850000;
MABEL;23000000;23000000;
MABEL;23100000;23100000;
MABEL;27400000;27400000;
MABEL;27500000;27500000;
MABEL;28030000;28030000;
MABEL;28120000;28120000;
MABEL;28130000;28130000;
MABEL;28150000;28150000;
MABEL;28153000;28153000;
MABEL;28154000;28154000;
MABEL;28155000;28155000;
MABEL;28181000;28181000;
MABEL;28182000;28182000;
MABEL;28183000;28183000;
MABEL;28184000;28184000;
MABEL;28185000;28185000;
MABEL;31000000;31000000;
MABEL;35500000;35500000;
MABEL;40100000;40100000;
MABEL;40120000;40120000;
MABEL;40320000;40320000;
MABEL;40800000;40800000;
MABEL;40900000;40900000;
MABEL;41100000;41100000;
MABEL;41800000;41800000;
MABEL;42100000;42100000;
MABEL;42500000;42500000;
MABEL;42520000;42520000;
MABEL;42540000;42540000;
MABEL;42820000;42820000;
MABEL;43100000;43100000;
MABEL;43110000;43110000;
MABEL;43200000;43200000;
MABEL;43300000;43300000;
MABEL;43400000;43400000;
MABEL;43600000;43500000;
MABEL;43700000;43500000;
MABEL;43860000;43860000;
MABEL;44100000;44100000;
MABEL;44300000;44300000;
MABEL;44400000;44400000;
MABEL;44410000;44410000;
MABEL;44411000;44411000;
MABEL;44540000;44540000;
MABEL;44562000;44562000;
MABEL;44564000;44564000;
MABEL;44565000;44565000;
MABEL;44570000;44570000;
MABEL;44571000;44571000;
MABEL;44572000;44572000;
MABEL;44586000;44584000;
MABEL;44589999;44587000;
MABEL;45510000;45510000;
MABEL;45514000;45514000;
MABEL;46600000;46600000;
MABEL;46600000;46600000;
MABEL;46610000;46610000;
MABEL;46610000;46610000;
MABEL;46610000;46610000;
MABEL;46610000;46610000;
MABEL;46610000;46610000;
MABEL;46610000;46610000;
MABEL;46610000;46610000;
MABEL;46610000;46610000;
MABEL;46700000;46700000;
MABEL;46700000;46700000;
MABEL;46700000;46700000;
MABEL;46700000;46700000;
MABEL;46700000;46700000;
MABEL;46700000;46700000;
MABEL;46700000;46700000;
MABEL;46700000;46700000;
MABEL;46700000;46700000;
MABEL;46800000;46800000;
MABEL;46800000;46800000;
MABEL;48600000;48600000;
MABEL;49600000;49600000;
MABEL;51110000;51110000;
MABEL;51119999;51119999;
MABEL;51140000;51140000;
MABEL;51221000;51221000;
MABEL;51241000;51241000;
MABEL;51242000;51242000;
MABEL;51244000;51244000;
MABEL;51245000;51245000;
MABEL;51260000;51260000;
MABEL;51800000;51800000;
MABEL;51900000;51800000;
MABEL;51913000;51910000;
MABEL;53200000;53200000;
MABEL;53300000;53300000;
MABEL;60101000;60101000;
MABEL;60109999;60103000;
MABEL;60201000;60201000;
MABEL;60301000;60301000;
MABEL;6060000;60601000;
MABEL;60601000;60601000;
MABEL;60602000;60602000;
MABEL;60602100;60602000;
MABEL;60602200;60603000;
MABEL;60603000;60603000;
MABEL;60604000;60604000;
MABEL;60605000;60605000;
MABEL;60605100;60605000;
MABEL;60605200;60605000;
MABEL;60606000;60606000;
MABEL;60607000;60607000;
MABEL;60608000;60608000;
MABEL;60609000;60609000;
MABEL;60610000;60610000;
MABEL;60701000;60701000;
MABEL;60801000;60801000;
MABEL;60803000;60803000;
MABEL;60804000;60804000;
MABEL;60808000;60808000;
MABEL;60811000;60811000;
MABEL;60812000;60812000;
MABEL;60817000;60817000;
MABEL;60880000;60880000;
MABEL;60900000;60900000;
MABEL;61300000;61300000;
MABEL;61302000;61302000;
MABEL;61303000;61303000;
MABEL;61304000;61304000;
MABEL;61305000;61304000;
MABEL;61500000;61500000;
MABEL;61501000;61501000;
MABEL;61503000;61503000;
MABEL;61504000;61504000;
MABEL;61601000;61601000;
MABEL;61602000;61602000;
MABEL;61603000;61603000;
MABEL;61604000;61604000;
MABEL;61801000;61801000;
MABEL;61802000;61802000;
MABEL;62100000;62100000;
MABEL;62102000;62102000;
MABEL;62103000;62103000;
MABEL;62201000;62201000;
MABEL;62203000;62203000;
MABEL;62204000;62204000;
MABEL;62208000;62208000;
MABEL;62209000;62209000;
MABEL;62270000;62260000;
MABEL;62301000;62301000;
MABEL;62302000;62302000;
MABEL;62303000;62303000;
MABEL;62304000;62304000;
MABEL;62401000;62401000;
MABEL;62402000;62402000;
MABEL;62403000;62403000;
MABEL;62501000;62501000;
MABEL;62503000;62503000;
MABEL;62504000;62504000;
MABEL;62505000;62505000;
MABEL;62506000;62506000;
MABEL;62507000;62507000;
MABEL;62602000;62602000;
MABEL;62603000;62603000;
MABEL;62604000;62604000;
MABEL;62701000;62701000;
MABEL;62703000;62703000;
MABEL;62705000;62705000;
MABEL;62706000;62706000;
MABEL;62707000;62707000;
MABEL;62709000;62709000;
MABEL;62710000;62710000;
MABEL;62800000;62800000;
MABEL;63501000;63501000;
MABEL;63502000;63502000;
MABEL;63504000;63504000;
MABEL;63505000;63505000;
MABEL;63506000;63506000;
MABEL;64101000;64101000;
MABEL;64102000;64102000;
MABEL;64103000;64103000;
MABEL;64104000;64104000;
MABEL;64105000;64105000;
MABEL;64106000;64106000;
MABEL;64180000;64180000;
MABEL;64188000;64180000;
MABEL;64501000;64501000;
MABEL;64502000;64502000;
MABEL;64504000;64504000;
MABEL;64506000;64505000;
MABEL;64507000;64505000;
MABEL;64580000;64580000;
MABEL;64803000;64803000;
MABEL;64808000;64808000;
MABEL;65100000;65100000;
MABEL;65200000;65200000;
MABEL;65601000;65601000;
MABEL;65602000;65602000;
MABEL;65700000;65700000;
MABEL;65710000;65710000;
MABEL;65799999;65710000;
MABEL;65800000;65800000;
MABEL;66101000;66101000;
MABEL;66102000;66102000;
MABEL;66103000;66103000;
MABEL;66104000;66104000;
MABEL;66600000;66600000;
MABEL;68111000;68111000;
MABEL;68112000;68112000;
MABEL;69500000;69500000;
MABEL;70100000;70100000;
MABEL;70110000;70110000;
MABEL;70700000;70700000;
MABEL;70710000;70710000;
MABEL;70720000;70720000;
MABEL;70900000;70900000;
MABEL;71400000;71400000;
MABEL;75200000;75200000;
MABEL;75799999;75800000;
MABEL;75800000;75800000;
MABEL;75810000;75810000;
MABEL;76600000;76600000;
MADATRADE;101000;10100000;
MADATRADE;119200;11900000;
MADATRADE;120000;12000000;
MADATRADE;211000;21100000;
MADATRADE;215500;21550000;
MADATRADE;218200;21820000;
MADATRADE;218300;21830000;
MADATRADE;218310;21831000;
MADATRADE;218400;21840000;
MADATRADE;275000;27500000;
MADATRADE;281100;28120000;
MADATRADE;281550;28155000;
MADATRADE;281820;28182000;
MADATRADE;281830;28183000;
MADATRADE;281831;28183100;
MADATRADE;281840;28184000;
MADATRADE;370000;37000000;
MADATRADE;401000;40100000;
MADATRADE;401001;40120000;
MADATRADE;404000;40400000;
MADATRADE;411000;41100000;
MADATRADE;419100;41910000;
MADATRADE;425100;42510000;
MADATRADE;431000;43100000;
MADATRADE;431200;43120000;
MADATRADE;432000;43200000;
MADATRADE;444000;44400000;
MADATRADE;445500;44550000;
MADATRADE;445600;44560000;
MADATRADE;445601;44560000;
MADATRADE;445700;44570000;
MADATRADE;446000;44600000;
MADATRADE;455000;45500000;
MADATRADE;467000;46700000;
MADATRADE;467002;46700100;
MADATRADE;467004;46700100;
MADATRADE;512000;51201000;
MADATRADE;512100;51202000;
MADATRADE;512300;51221000;
MADATRADE;512400;51231010;
MADATRADE;530000;53000000;
MADATRADE;602100;60210000;
MADATRADE;603700;60370000;
MADATRADE;605000;60500000;
MADATRADE;606200;60620000;
MADATRADE;606400;60640000;
MADATRADE;607000;60700000;
MADATRADE;607220;60720000;
MADATRADE;607230;60720000;
MADATRADE;607240;60720000;
MADATRADE;607270;60720000;
MADATRADE;607310;60720000;
MADATRADE;607320;60720000;
MADATRADE;607610;60720000;
MADATRADE;607700;60720000;
MADATRADE;607910;60720000;
MADATRADE;607930;60720000;
MADATRADE;607980;60720000;
MADATRADE;608110;60811000;
MADATRADE;608120;60812000;
MADATRADE;608200;60818000;
MADATRADE;608300;60818000;
MADATRADE;608310;60818000;
MADATRADE;608400;60818000;
MADATRADE;608410;60818000;
MADATRADE;608440;60818000;
MADATRADE;608450;60818000;
MADATRADE;608460;60818000;
MADATRADE;608470;60818000;
MADATRADE;608480;60818000;
MADATRADE;613200;61304000;
MADATRADE;613300;61304000;
MADATRADE;616000;61600000;
MADATRADE;622100;62210000;
MADATRADE;622200;62260000;
MADATRADE;622400;62260000;
MADATRADE;622600;62260000;
MADATRADE;624100;62403000;
MADATRADE;624110;62403000;
MADATRADE;624150;62403000;
MADATRADE;624160;62403000;
MADATRADE;624170;62403000;
MADATRADE;624190;62403000;
MADATRADE;626000;62601000;
MADATRADE;627000;62700000;
MADATRADE;627100;62710000;
MADATRADE;627200;62714000;
MADATRADE;627210;62714000;
MADATRADE;627300;62714000;
MADATRADE;627400;62714000;
MADATRADE;627500;62714000;
MADATRADE;627600;62714000;
MADATRADE;627610;62714000;
MADATRADE;627620;62714000;
MADATRADE;627700;62714000;
MADATRADE;627800;62714000;
MADATRADE;627810;62714000;
MADATRADE;627820;62714000;
MADATRADE;627900;62714000;
MADATRADE;627910;62714000;
MADATRADE;627930;62714000;
MADATRADE;627940;62714000;
MADATRADE;635510;63540000;
MADATRADE;635520;63540000;
MADATRADE;635800;63540000;
MADATRADE;636100;63540000;
MADATRADE;641000;64101000;
MADATRADE;645100;64505000;
MADATRADE;645200;64505000;
MADATRADE;645300;64505000;
MADATRADE;648000;64800000;
MADATRADE;656000;65601000;
MADATRADE;658000;65800000;
MADATRADE;661000;66100000;
MADATRADE;666000;66600000;
MADATRADE;681000;68111000;
MADATRADE;690000;69500000;
MADATRADE;707000;70700000;
MADATRADE;707120;70710000;
MADATRADE;707130;70710000;
MADATRADE;707200;70720000;
MADATRADE;707240;70720000;
MADATRADE;707700;70720000;
MADATRADE;707800;70720000;
MADATRADE;707810;70720000;
MADATRADE;707830;70720000;
MADATRADE;707850;70720000;
MADATRADE;707860;70720000;
MADATRADE;707870;70720000;
MADATRADE;707930;70720000;
MADATRADE;707940;70720000;
MADATRADE;707950;70720000;
MADATRADE;707960;70720000;
MADATRADE;707980;70720000;
MADATRADE;707990;70720000;
MADATRADE;708300;70830000;
MADATRADE;758000;75800000;
MADATRADE;766000;76600000;
NOAH;10100000;10100000;
NOAH;11900000;11900000;
NOAH;12900000;12900000;
NOAH;21200000;21200000;
NOAH;21300000;21300000;
NOAH;23100000;23100000;
NOAH;23200000;23200000;
NOAH;23300000;23213012;
NOAH;28130000;28130000;
NOAH;28150000;28150000;
NOAH;40100000;40100000;
NOAH;40400000;40400000;
NOAH;40900000;40900000;
NOAH;43110000;43110000;
NOAH;43340000;43300000;
NOAH;44300000;44300000;
NOAH;44410000;44410000;
NOAH;45511000;45511000;
NOAH;45512000;45512000;
NOAH;45513000;45513000;
NOAH;46200000;46200000;
NOAH;46610000;46610000;
NOAH;46720072;46720072;
NOAH;51241000;51241000;
NOAH;53200000;53200000;
NOAH;60602000;60602000;
NOAH;60604000;60604000;
NOAH;60605000;60605000;
NOAH;60607000;60607000;
NOAH;60608000;60608000;
NOAH;61301000;61301000;
NOAH;61302000;61302000;
NOAH;61500000;61500000;
NOAH;61501000;61501000;
NOAH;61502000;61502000;
NOAH;61503000;61503000;
NOAH;61601000;61601000;
NOAH;61604000;61604000;
NOAH;61801000;61801000;
NOAH;61802000;61802000;
NOAH;62100000;62100000;
NOAH;62102000;62102000;
NOAH;62103000;62103000;
NOAH;62201000;62201000;
NOAH;62505000;62505000;
NOAH;62507000;62507000;
NOAH;62602000;62602000;
NOAH;62603000;62603000;
NOAH;62604000;62604000;
NOAH;62607000;62607000;
NOAH;62608000;62608000;
NOAH;62701000;62701000;
NOAH;62703000;62703000;
NOAH;62706000;62706000;
NOAH;62709000;62709000;
NOAH;63503000;63503000;
NOAH;63504000;63504000;
NOAH;63508000;63508000;
NOAH;64101000;64101000;
NOAH;64102000;64102000;
NOAH;64105000;64105000;
NOAH;64501000;64501000;
NOAH;64502000;64502000;
NOAH;64504000;64504000;
NOAH;64801000;64801000;
NOAH;64803000;64803000;
NOAH;65100000;65100000;
NOAH;65602000;65602000;
NOAH;65700000;65700000;
NOAH;66600000;66600000;
NOAH;68112000;68112000;
NOAH;69500000;69500000;
NOAH;75200000;75200000;
NOAH;75800000;75800000;
NUTRIFOOD;10100000;10100000;
NUTRIFOOD;12800000;12800000;
NUTRIFOOD;16200000;16200000;
NUTRIFOOD;21300000;21300000;
NUTRIFOOD;21500000;21500000;
NUTRIFOOD;21810000;21810000;
NUTRIFOOD;21820000;21820000;
NUTRIFOOD;21840000;21840000;
NUTRIFOOD;21860000;21860000;
NUTRIFOOD;21880000;21880000;
NUTRIFOOD;23000000;23000000;
NUTRIFOOD;28130000;28130000;
NUTRIFOOD;28181000;28181000;
NUTRIFOOD;28182000;28182000;
NUTRIFOOD;28184000;28184000;
NUTRIFOOD;28185000;28185000;
NUTRIFOOD;28186000;28186000;
NUTRIFOOD;28188000;28188000;
NUTRIFOOD;31000000;31000000;
NUTRIFOOD;35500000;35500000;
NUTRIFOOD;40100000;40100000;
NUTRIFOOD;40120000;40120000;
NUTRIFOOD;40810000;40810000;
NUTRIFOOD;40910000;40910000;
NUTRIFOOD;41100000;41100000;
NUTRIFOOD;42100000;42100000;
NUTRIFOOD;42540000;42540000;
NUTRIFOOD;42820000;42820000;
NUTRIFOOD;43100000;43100000;
NUTRIFOOD;43110000;43110000;
NUTRIFOOD;43200000;43200000;
NUTRIFOOD;43300000;43300000;
NUTRIFOOD;43400000;43400000;
NUTRIFOOD;43860000;43860000;
NUTRIFOOD;44100000;44100000;
NUTRIFOOD;44300000;44300000;
NUTRIFOOD;444110;44411000;
NUTRIFOOD;44420000;44420000;
NUTRIFOOD;44430000;44430000;
NUTRIFOOD;44581000;44581000;
NUTRIFOOD;45511000;45511000;
NUTRIFOOD;45514000;45514000;
NUTRIFOOD;45515000;45515000;
NUTRIFOOD;46610000;46610000;
NUTRIFOOD;46700000;46700000;
NUTRIFOOD;48600000;48600000;
NUTRIFOOD;51221000;51221000;
NUTRIFOOD;51910000;51910000;
NUTRIFOOD;53100000;53100000;
NUTRIFOOD;53200000;53200000;
NUTRIFOOD;60101000;60101000;
NUTRIFOOD;60201000;60201000;
NUTRIFOOD;60205000;60205000;
NUTRIFOOD;60301000;60301000;
NUTRIFOOD;60303000;60303000;
NUTRIFOOD;60308000;60308000;
NUTRIFOOD;60602000;60602000;
NUTRIFOOD;60603000;60603000;
NUTRIFOOD;60604000;60604000;
NUTRIFOOD;60604100;60604000;
NUTRIFOOD;60605000;60605000;
NUTRIFOOD;60605100;60605000;
NUTRIFOOD;60607000;60607000;
NUTRIFOOD;60608000;60608000;
NUTRIFOOD;60801000;60801000;
NUTRIFOOD;60803000;60803000;
NUTRIFOOD;60804000;60804000;
NUTRIFOOD;60806000;60806000;
NUTRIFOOD;60807000;60807000;
NUTRIFOOD;60808000;60808000;
NUTRIFOOD;60811000;60811000;
NUTRIFOOD;60811100;60811100;
NUTRIFOOD;60812000;60812000;
NUTRIFOOD;61300000;61300000;
NUTRIFOOD;61302000;61302000;
NUTRIFOOD;61500000;61500000;
NUTRIFOOD;61501000;61501000;
NUTRIFOOD;61504000;61504000;
NUTRIFOOD;61602000;61602000;
NUTRIFOOD;61603000;61603000;
NUTRIFOOD;61700000;61700000;
NUTRIFOOD;61802000;61802000;
NUTRIFOOD;62100000;62100000;
NUTRIFOOD;62102000;62102000;
NUTRIFOOD;62103000;62103000;
NUTRIFOOD;62201000;62201000;
NUTRIFOOD;62202000;62202000;
NUTRIFOOD;62207000;62204000;
NUTRIFOOD;62208000;62208000;
NUTRIFOOD;62210000;62210000;
NUTRIFOOD;62301000;62301000;
NUTRIFOOD;62303000;62303000;
NUTRIFOOD;62402000;62402000;
NUTRIFOOD;62504000;62504000;
NUTRIFOOD;62506000;62506000;
NUTRIFOOD;62507000;62507000;
NUTRIFOOD;62602000;62602000;
NUTRIFOOD;62603000;62603000;
NUTRIFOOD;62604000;62604000;
NUTRIFOOD;62608000;62608000;
NUTRIFOOD;62703000;62703000;
NUTRIFOOD;62704000;62704000;
NUTRIFOOD;62706000;62706000;
NUTRIFOOD;62708000;62708000;
NUTRIFOOD;62712000;62712000;
NUTRIFOOD;62713000;62713000;
NUTRIFOOD;62714000;62714000;
NUTRIFOOD;63506000;63506000;
NUTRIFOOD;63508000;63508000;
NUTRIFOOD;64101000;64101000;
NUTRIFOOD;64102000;64102000;
NUTRIFOOD;64103000;64103000;
NUTRIFOOD;64104000;64104000;
NUTRIFOOD;64180000;64180000;
NUTRIFOOD;64188000;64180000;
NUTRIFOOD;64501000;64501000;
NUTRIFOOD;64502000;64502000;
NUTRIFOOD;64504000;64504000;
NUTRIFOOD;64803000;64803000;
NUTRIFOOD;65100000;65100000;
NUTRIFOOD;65602000;65602000;
NUTRIFOOD;65700000;65700000;
NUTRIFOOD;66102000;66102000;
NUTRIFOOD;66103000;66103000;
NUTRIFOOD;66600000;66600000;
NUTRIFOOD;68112000;68112000;
NUTRIFOOD;6950000;69500000;
NUTRIFOOD;70710000;70710000;
NUTRIFOOD;71400000;71400000;
NUTRIFOOD;75800000;75800000;
NUTRIFOOD;75810000;75810000;
NUTRIFOOD;76600000;76600000;
RYA;101000;10100000;
RYA;110000;11000000;
RYA;119000;11900000;
RYA;164110;16411000;
RYA;164130;16413000;
RYA;165000;16500000;
RYA;211000;21100000;
RYA;212000;21200000;
RYA;213000;21300000;
RYA;215000;21500000;
RYA;218100;21810000;
RYA;218800;21880000;
RYA;230000;23000000;
RYA;231000;23100000;
RYA;231100;23110000;
RYA;231200;23120000;
RYA;231300;23130000;
RYA;231600;23160000;
RYA;231700;23170000;
RYA;231900;23190000;
RYA;232100;23200000;
RYA;281110;28120000;
RYA;281300;28130000;
RYA;281500;28150000;
RYA;281810;28181000;
RYA;281880;28188000;
RYA;401100;40110000;
RYA;401200;40120000;
RYA;403200;40320000;
RYA;403400;40340000;
RYA;404000;40400000;
RYA;408000;40800000;
RYA;409000;40900000;
RYA;409100;40910000;
RYA;409200;40920000;
RYA;411000;41100000;
RYA;418000;41800000;
RYA;419100;41910000;
RYA;421100;42110000;
RYA;425400;42540000;
RYA;428000;42800000;
RYA;431000;43100000;
RYA;431100;43110000;
RYA;432300;43230000;
RYA;433000;43300000;
RYA;438000;43800000;
RYA;438200;43800000;
RYA;441000;44100000;
RYA;443000;44300000;
RYA;444000;44400000;
RYA;444100;44410000;
RYA;445500;44550000;
RYA;445620;44562000;
RYA;445640;44564000;
RYA;445650;44565000;
RYA;445720;44572000;
RYA;445830;44583000;
RYA;445840;44584000;
RYA;455200;45520000;
RYA;455300;45530000;
RYA;455400;45540000;
RYA;455500;45550000;
RYA;455600;45514000;
RYA;466000;46600000;
RYA;466000;46600000;
RYA;466000;46600000;
RYA;466100;46610000;
RYA;466100;46610000;
RYA;466100;46610000;
RYA;466100;46610000;
RYA;466100;46610000;
RYA;466100;46610000;
RYA;466100;46610000;
RYA;466100;46610000;
RYA;466100;46610000;
RYA;466100;46610000;
RYA;466100;46610000;
RYA;466100;46610000;
RYA;467000;46700000;
RYA;467000;46700000;
RYA;467000;46700000;
RYA;467000;46700000;
RYA;467000;46700000;
RYA;467000;46700000;
RYA;467000;46700000;
RYA;468000;46800000;
RYA;471000;47100000;
RYA;486000;48600000;
RYA;487000;48700000;
RYA;511100;51110000;
RYA;511270;51130000;
RYA;511400;51140000;
RYA;512110;51211000;
RYA;512210;51221000;
RYA;518000;51800000;
RYA;519411;51940000;
RYA;519413;51940000;
RYA;530000;53000000;
RYA;535000;53500000;
RYA;602010;60201000;
RYA;605000;60500000;
RYA;606010;60601000;
RYA;606040;60604000;
RYA;606050;60605000;
RYA;606060;60606000;
RYA;606070;60607000;
RYA;606080;60608000;
RYA;606090;60609000;
RYA;606100;60610000;
RYA;606800;60680000;
RYA;608030;60803000;
RYA;611000;61100000;
RYA;613010;61301000;
RYA;613020;61302000;
RYA;615000;61500000;
RYA;615011;61501000;
RYA;615012;61501000;
RYA;616020;61602000;
RYA;616040;61604000;
RYA;618020;61802000;
RYA;621000;62100000;
RYA;621010;62101000;
RYA;621030;62103000;
RYA;622030;62203000;
RYA;622600;62260000;
RYA;623020;62302000;
RYA;625010;62501000;
RYA;625040;62504000;
RYA;625060;62506000;
RYA;625070;62507000;
RYA;626020;62602000;
RYA;626040;62604000;
RYA;627000;62700000;
RYA;627030;62703000;
RYA;627040;62704000;
RYA;627050;62705000;
RYA;627070;62707000;
RYA;627080;62708000;
RYA;627090;62709000;
RYA;627100;62710000;
RYA;627130;62713000;
RYA;627140;62714000;
RYA;635000;63500000;
RYA;635010;63501000;
RYA;635020;63502000;
RYA;635040;63504000;
RYA;635080;63508000;
RYA;635400;63540000;
RYA;641010;64101000;
RYA;641020;64102000;
RYA;641030;64103000;
RYA;641400;64107000;
RYA;641800;64180000;
RYA;641880;64180000;
RYA;645010;64501000;
RYA;645020;64502000;
RYA;645040;64504000;
RYA;645060;64505000;
RYA;645800;64580000;
RYA;648040;64804000;
RYA;651000;65100000;
RYA;657000;65700000;
RYA;658000;65800000;
RYA;661000;66100000;
RYA;661020;66102000;
RYA;661030;66103000;
RYA;666000;66600000;
RYA;681120;68112000;
RYA;695100;69500000;
RYA;695200;69500000;
RYA;706000;70600000;
RYA;706200;70620000;
RYA;708500;70840000;
RYA;758000;75800000;
RYA;758110;75810000;
RYA;766000;76600000;
SEM;10100000;10100000;
SEM;11100000;11000000;
SEM;12000000;12000000;
SEM;13300000;13110000;
SEM;16300000;16300000;
SEM;16400000;16400000;
SEM;20400000;20400000;
SEM;21100000;21100000;
SEM;21300000;21300000;
SEM;21500000;21500000;
SEM;21520000;21520000;
SEM;21530000;21530000;
SEM;21810000;21810000;
SEM;21820000;21820000;
SEM;21830000;21830000;
SEM;21840000;21840000;
SEM;21850000;21850000;
SEM;21870000;21870000;
SEM;27500000;27500000;
SEM;28030000;28030000;
SEM;28130000;28130000;
SEM;28150000;28150000;
SEM;28152000;28152000;
SEM;28153000;28153000;
SEM;28181000;28181000;
SEM;28182000;28182000;
SEM;28183000;28183000;
SEM;28184000;28184000;
SEM;28185000;28185000;
SEM;28187000;28187000;
SEM;31000000;31000000;
SEM;35500000;35500000;
SEM;40100000;40100000;
SEM;40120000;40120000;
SEM;40800000;40800000;
SEM;41100000;41100000;
SEM;41110000;41110000;
SEM;41120000;41120000;
SEM;41600000;41600000;
SEM;42100000;42100000;
SEM;42700000;42700000;
SEM;42820000;42820000;
SEM;43100000;43100000;
SEM;43200000;43200000;
SEM;43300000;43300000;
SEM;43860000;43860000;
SEM;44100000;44100000;
SEM;44300000;44300000;
SEM;44410000;44410000;
SEM;44540000;44540000;
SEM;44560000;44560000;
SEM;44562000;44562000;
SEM;45511000;45511000;
SEM;45512000;45512000;
SEM;45513000;45513000;
SEM;45514000;45514000;
SEM;45516000;45515000;
SEM;46700000;46700000;
SEM;46700002;46700002;
SEM;46700007;46700005;
SEM;46710000;46710000;
SEM;46710070;46710070;
SEM;49100000;49100000;
SEM;51231000;51231000;
SEM;51232000;51231010;
SEM;51241000;51241000;
SEM;51243000;51243000;
SEM;51261000;51261000;
SEM;51271000;51271000;
SEM;51271002;51271000;
SEM;51910000;51910000;
SEM;53100000;53100000;
SEM;53110000;53110000;
SEM;60101000;60101000;
SEM;60102000;60102000;
SEM;60201000;60201000;
SEM;60203000;60203000;
SEM;60205000;60205000;
SEM;60301000;60301000;
SEM;60400000;60400000;
SEM;60601000;60601000;
SEM;60602000;60602000;
SEM;60602100;60602000;
SEM;60604000;60604000;
SEM;60607000;60607000;
SEM;60608000;60608000;
SEM;60609000;60609000;
SEM;60803000;60803000;
SEM;60804000;60804000;
SEM;60808000;60808000;
SEM;60809000;60809000;
SEM;60811000;60811000;
SEM;60812000;60812000;
SEM;60880000;60880000;
SEM;61301000;61301000;
SEM;61302000;61302000;
SEM;61501000;61501000;
SEM;61502000;61502000;
SEM;61503000;61503000;
SEM;61504000;61504000;
SEM;61601000;61601000;
SEM;61602000;61602000;
SEM;61604000;61604000;
SEM;61802000;61802000;
SEM;62101000;62101000;
SEM;62102000;62102000;
SEM;62103000;62103000;
SEM;62201000;62201000;
SEM;62202000;62202000;
SEM;62203000;62203000;
SEM;62208000;62208000;
SEM;62210000;62210000;
SEM;62303000;62303000;
SEM;62304000;62304000;
SEM;62501000;62501000;
SEM;62504000;62504000;
SEM;62506000;62506000;
SEM;62601000;62601000;
SEM;62602000;62602000;
SEM;62602100;62602000;
SEM;62603000;62603000;
SEM;62604000;62604000;
SEM;62605000;62605000;
SEM;62703000;62703000;
SEM;62705000;62705000;
SEM;63502000;63502000;
SEM;63504000;63504000;
SEM;63509000;63508000;
SEM;64101000;64101000;
SEM;64102000;64102000;
SEM;64103000;64103000;
SEM;64103100;64103000;
SEM;64104000;64104000;
SEM;64105000;64105000;
SEM;64106000;64106000;
SEM;64180000;64180000;
SEM;64501000;64501000;
SEM;64502000;64502000;
SEM;64503000;64503000;
SEM;64801000;64801000;
SEM;64804000;64804000;
SEM;65601000;65601000;
SEM;65602000;65602000;
SEM;65700000;65700000;
SEM;65800000;65800000;
SEM;66108000;66105000;
SEM;66109000;66105000;
SEM;66600000;66600000;
SEM;68111000;68111000;
SEM;68112000;68112000;
SEM;69800000;69500000;
SEM;70110000;70110000;
SEM;70120000;70120000;
SEM;70130000;70120000;
SEM;70140000;70120000;
SEM;70170000;70120000;
SEM;70700000;70700000;
SEM;71300000;71355000;
SEM;75800000;75800000;
SEM;76500000;76500000;
SEM;76600000;76600000;
SEM;77520000;77500000;
SIM;10100000;10100000;
SIM;10610000;10610000;
SIM;11000000;11000000;
SIM;16440000;16440000;
SIM;16500000;16500000;
SIM;21100000;21100000;
SIM;21310000;21310000;
SIM;21500000;21500000;
SIM;21810000;21810000;
SIM;21820000;21820000;
SIM;21830000;21830000;
SIM;21840000;21840000;
SIM;21850000;21850000;
SIM;28130000;28130000;
SIM;28150000;28150000;
SIM;28181000;28181000;
SIM;28182000;28182000;
SIM;28183000;28183000;
SIM;28184000;28184000;
SIM;28185000;28185000;
SIM;40100000;40100000;
SIM;40800000;40800000;
SIM;41100000;41100000;
SIM;42800000;42800000;
SIM;43100000;43100000;
SIM;43110000;43110000;
SIM;43220000;43220000;
SIM;43300000;43300000;
SIM;43800000;43800000;
SIM;44100000;44100000;
SIM;44300000;44300000;
SIM;44310000;44310000;
SIM;44330000;44330000;
SIM;44400000;44400000;
SIM;44550000;44550000;
SIM;44562000;44562000;
SIM;44564000;44564000;
SIM;44565000;44565000;
SIM;44572000;44572000;
SIM;44580000;44580000;
SIM;44583000;44583000;
SIM;44587000;44587000;
SIM;45510000;45510000;
SIM;45530000;45530000;
SIM;45540000;45540000;
SIM;46610000;46610000;
SIM;46610000;46610000;
SIM;46610000;46610000;
SIM;46610000;46610000;
SIM;46700000;46700000;
SIM;46700000;46700000;
SIM;46700000;46700000;
SIM;48600000;48600000;
SIM;51140000;51140000;
SIM;51221000;51221000;
SIM;51800000;51800000;
SIM;51900000;51800000;
SIM;53100000;53100000;
SIM;53200000;53200000;
SIM;60601000;60601000;
SIM;60602000;60602000;
SIM;60603000;60603000;
SIM;60604000;60604000;
SIM;60605000;60605000;
SIM;60607000;60607000;
SIM;60608000;60608000;
SIM;60609000;60609000;
SIM;61302000;61302000;
SIM;61500000;61500000;
SIM;61501000;61501000;
SIM;61502000;61502000;
SIM;61503000;61503000;
SIM;61602000;61602000;
SIM;61604000;61604000;
SIM;61802000;61802000;
SIM;62101000;62101000;
SIM;62102000;62102000;
SIM;62103000;62103000;
SIM;62104000;62104000;
SIM;62201000;62201000;
SIM;62203000;62203000;
SIM;62303000;62303000;
SIM;62304000;62304000;
SIM;62506000;62506000;
SIM;62602000;62602000;
SIM;62603000;62603000;
SIM;62604000;62604000;
SIM;62607000;62607000;
SIM;62608000;62608000;
SIM;62703000;62703000;
SIM;62704000;62704000;
SIM;62707000;62707000;
SIM;62708000;62708000;
SIM;62709000;62709000;
SIM;64101000;64101000;
SIM;64102000;64102000;
SIM;64103000;64103000;
SIM;64104000;64104000;
SIM;64180000;64180000;
SIM;64188000;64180000;
SIM;64501000;64501000;
SIM;64502000;64502000;
SIM;64503000;64503000;
SIM;64504000;64504000;
SIM;64580000;64580000;
SIM;65100000;65100000;
SIM;65700000;65700000;
SIM;65800000;65800000;
SIM;66102000;66102000;
SIM;66103000;66103000;
SIM;68112000;68112000;
SIM;69500000;69500000;
SIM;70600000;70600000;
SIM;70810000;70810000;
SIM;75800000;75800000;
SIM;75811000;75810000;
SIM;78500000;78500000;
SMTP;101000;10100000;
SMTP;106100;10610000;
SMTP;110000;11000000;
SMTP;120000;12000000;
SMTP;164110;16411000;
SMTP;164130;16413000;
SMTP;164150;16415000;
SMTP;203000;20300000;
SMTP;204000;20400000;
SMTP;211000;21100000;
SMTP;212000;21200000;
SMTP;213000;21300000;
SMTP;215000;21500000;
SMTP;215400;21540000;
SMTP;215700;21570000;
SMTP;215800;21580000;
SMTP;215900;21590000;
SMTP;218100;21810000;
SMTP;218300;21830000;
SMTP;218320;21832000;
SMTP;218400;21840000;
SMTP;218600;21860000;
SMTP;218800;21880000;
SMTP;230000;23000000;
SMTP;231000;23100000;
SMTP;261000;26100000;
SMTP;275000;27500000;
SMTP;280300;28030000;
SMTP;280400;28040000;
SMTP;281200;28120000;
SMTP;281300;28130000;
SMTP;281500;28150000;
SMTP;281540;28154000;
SMTP;281570;28157000;
SMTP;281580;28158000;
SMTP;281590;28159000;
SMTP;281810;28181000;
SMTP;281830;28183000;
SMTP;281840;28184000;
SMTP;281841;28184100;
SMTP;281860;28186000;
SMTP;281880;28188000;
SMTP;310000;31000000;
SMTP;350000;35000000;
SMTP;370000;37000000;
SMTP;380000;38000000;
SMTP;401100;40110000;
SMTP;401200;40120000;
SMTP;403100;40310000;
SMTP;403200;40320000;
SMTP;403400;40340000;
SMTP;403600;40340000;
SMTP;408000;40800000;
SMTP;409100;40910000;
SMTP;409200;40920000;
SMTP;411100;41110000;
SMTP;411200;41120000;
SMTP;413000;41300000;
SMTP;413100;41300000;
SMTP;416000;41600000;
SMTP;419100;41910000;
SMTP;421100;42110000;
SMTP;421200;42120000;
SMTP;425100;42510000;
SMTP;425200;42520000;
SMTP;425300;42530000;
SMTP;4254000;42540000;
SMTP;428000;42800000;
SMTP;431000;43100000;
SMTP;431100;43110000;
SMTP;432000;43200000;
SMTP;432100;43200000;
SMTP;433000;43300000;
SMTP;434000;43400000;
SMTP;437000;43500000;
SMTP;438600;43860000;
SMTP;441000;44100000;
SMTP;443000;44300000;
SMTP;444000;44400000;
SMTP;444100;44410000;
SMTP;444200;44420000;
SMTP;444300;44430000;
SMTP;445400;44540000;
SMTP;445500;44550000;
SMTP;445630;44563000;
SMTP;445640;44564000;
SMTP;445650;44565000;
SMTP;445700;44570000;
SMTP;445710;44571000;
SMTP;445720;44572000;
SMTP;445830;44583000;
SMTP;445860;44584000;
SMTP;455000;45500000;
SMTP;455100;45510000;
SMTP;462000;46200000;
SMTP;466000;46600000;
SMTP;466100;46610000;
SMTP;466100;46610000;
SMTP;467000;46700000;
SMTP;467000;46700000;
SMTP;467100;46710000;
SMTP;468000;46800000;
SMTP;471000;47100000;
SMTP;486000;48600000;
SMTP;491000;49100000;
SMTP;511100;51110000;
SMTP;511210;51121000;
SMTP;511220;51122000;
SMTP;511400;51140000;
SMTP;512110;51211000;
SMTP;512120;51212000;
SMTP;512130;51213000;
SMTP;512210;51221000;
SMTP;512310;51231000;
SMTP;512410;51241000;
SMTP;512910;51291000;
SMTP;512920;51292000;
SMTP;518000;51800000;
SMTP;519100;51910000;
SMTP;519200;51920000;
SMTP;519400;51940000;
SMTP;519500;51950000;
SMTP;531000;53100000;
SMTP;531100;53110000;
SMTP;532000;53200000;
SMTP;580000;58000000;
SMTP;601010;60101000;
SMTP;601020;60102000;
SMTP;601030;60103000;
SMTP;601400;60120000;
SMTP;602010;60201000;
SMTP;602030;60203000;
SMTP;602040;60204000;
SMTP;602050;60205000;
SMTP;602100;60210000;
SMTP;602200;60220000;
SMTP;603010;60301000;
SMTP;603070;60307000;
SMTP;603080;60308000;
SMTP;605000;60500000;
SMTP;606010;60601000;
SMTP;606020;60602000;
SMTP;606030;60603000;
SMTP;606050;60605000;
SMTP;606060;60606000;
SMTP;606070;60607000;
SMTP;606080;60608000;
SMTP;606090;60609000;
SMTP;606100;60610000;
SMTP;606800;60680000;
SMTP;607000;60700000;
SMTP;607010;60701000;
SMTP;607020;60702000;
SMTP;608010;60801000;
SMTP;608020;60802000;
SMTP;608030;60803000;
SMTP;608040;60804000;
SMTP;608050;60805000;
SMTP;608070;60807000;
SMTP;608080;60808000;
SMTP;608090;60809000;
SMTP;608091;60809100;
SMTP;608100;60810000;
SMTP;608120;60812000;
SMTP;608140;60812000;
SMTP;609000;60900000;
SMTP;609100;60910000;
SMTP;613000;61300000;
SMTP;613010;61301000;
SMTP;613020;61302000;
SMTP;613030;61303000;
SMTP;615000;61500000;
SMTP;615010;61501000;
SMTP;615020;61502000;
SMTP;615030;61503000;
SMTP;615040;61504000;
SMTP;615200;61520000;
SMTP;615500;61550000;
SMTP;615600;61560000;
SMTP;616010;61601000;
SMTP;616020;61602000;
SMTP;616040;61604000;
SMTP;616100;61610000;
SMTP;617000;61700000;
SMTP;618000;61800000;
SMTP;618020;61802000;
SMTP;620000;62100000;
SMTP;621000;62100000;
SMTP;621010;62101000;
SMTP;621020;62102000;
SMTP;621050;62105000;
SMTP;621100;62105000;
SMTP;622020;62202000;
SMTP;622030;62203000;
SMTP;622600;62260000;
SMTP;623000;62300000;
SMTP;623010;62301000;
SMTP;623020;62302000;
SMTP;623030;62303000;
SMTP;624010;62401000;
SMTP;624020;62402000;
SMTP;624100;62403000;
SMTP;625010;62501000;
SMTP;625030;62503000;
SMTP;625040;62504000;
SMTP;625050;62505000;
SMTP;625060;62506000;
SMTP;625070;62507000;
SMTP;625080;62508000;
SMTP;626010;62601000;
SMTP;626020;62602000;
SMTP;626030;62603000;
SMTP;626040;62604000;
SMTP;626050;62605000;
SMTP;626070;62607000;
SMTP;627000;62700000;
SMTP;627010;62701000;
SMTP;627020;62702000;
SMTP;627030;62703000;
SMTP;627040;62704000;
SMTP;627050;62705000;
SMTP;627060;62706000;
SMTP;627070;62707000;
SMTP;627080;62708000;
SMTP;627090;62709000;
SMTP;627100;62710000;
SMTP;627130;62713000;
SMTP;627140;62714000;
SMTP;635000;63500000;
SMTP;635010;63501000;
SMTP;635030;63503000;
SMTP;635040;63504000;
SMTP;635060;63506000;
SMTP;635070;63507000;
SMTP;635080;63508000;
SMTP;641010;64101000;
SMTP;641020;64102000;
SMTP;641030;64103000;
SMTP;641040;64104000;
SMTP;641050;64105000;
SMTP;641060;64106000;
SMTP;641070;64107000;
SMTP;641800;64180000;
SMTP;645010;64501000;
SMTP;645020;64502000;
SMTP;645030;64503000;
SMTP;645040;64504000;
SMTP;645070;64505000;
SMTP;645800;64580000;
SMTP;647500;64700000;
SMTP;648020;64802000;
SMTP;648030;64803000;
SMTP;648040;64804000;
SMTP;651000;65100000;
SMTP;656010;65601000;
SMTP;658000;65800000;
SMTP;658100;65810000;
SMTP;661000;66100000;
SMTP;661010;66101000;
SMTP;661020;66102000;
SMTP;661030;66103000;
SMTP;661040;66104000;
SMTP;666000;66600000;
SMTP;681110;68111000;
SMTP;681120;68112000;
SMTP;698000;69500000;
SMTP;701000;70100000;
SMTP;702000;70200000;
SMTP;707200;70720000;
SMTP;708000;70800000;
SMTP;709000;70900000;
SMTP;713500;71355000;
SMTP;713550;71355000;
SMTP;741000;75200000;
SMTP;752000;75200000;
SMTP;758000;75800000;
SMTP;758100;75810000;
SMTP;758200;75810000;
SMTP;758400;75810000;
SMTP;765000;76500000;
SMTP;766000;76600000;
SMTP;781500;78500000;
TARTINE;101000;10100000;
TARTINE;110000;11000000;
TARTINE;120000;12000000;
TARTINE;164000;16400000;
TARTINE;203000;20300000;
TARTINE;213000;21300000;
TARTINE;215000;21500000;
TARTINE;215400;21540000;
TARTINE;218200;21820000;
TARTINE;218300;21830000;
TARTINE;218310;21831000;
TARTINE;275000;27500000;
TARTINE;280300;28030000;
TARTINE;281300;28130000;
TARTINE;281500;28150000;
TARTINE;281540;28154000;
TARTINE;281550;28155000;
TARTINE;281820;28182000;
TARTINE;281830;28183000;
TARTINE;281831;28183100;
TARTINE;310000;31000000;
TARTINE;350000;35000000;
TARTINE;401000;40100000;
TARTINE;401100;40110000;
TARTINE;404000;40400000;
TARTINE;411000;41100000;
TARTINE;421000;42100000;
TARTINE;421100;42110000;
TARTINE;421200;42120000;
TARTINE;421300;42500000;
TARTINE;425000;42500000;
TARTINE;431000;43100000;
TARTINE;432000;43200000;
TARTINE;444100;44410000;
TARTINE;445500;44550000;
TARTINE;445600;44560000;
TARTINE;445700;44570000;
TARTINE;447000;44600000;
TARTINE;455000;45500000;
TARTINE;457000;45540000;
TARTINE;467100;46710000;
TARTINE;467500;46720900;
TARTINE;512000;51201000;
TARTINE;512100;51202000;
TARTINE;512200;51213000;
TARTINE;530000;53000000;
TARTINE;581000;58000000;
TARTINE;601000;60101000;
TARTINE;602000;60201000;
TARTINE;603100;60310000;
TARTINE;605000;60500000;
TARTINE;605200;60500000;
TARTINE;605210;60500000;
TARTINE;605320;60500000;
TARTINE;606000;60601000;
TARTINE;606100;60610000;
TARTINE;606200;60620000;
TARTINE;606210;60621000;
TARTINE;606211;60621000;
TARTINE;606400;60640000;
TARTINE;610000;61100000;
TARTINE;611500;61110000;
TARTINE;613000;61300000;
TARTINE;613010;61301000;
TARTINE;613020;61302000;
TARTINE;615000;61500000;
TARTINE;616000;61600000;
TARTINE;617100;61700000;
TARTINE;621000;62100000;
TARTINE;622000;62200000;
TARTINE;622222;62260000;
TARTINE;622240;62260000;
TARTINE;622250;62260000;
TARTINE;624000;62400000;
TARTINE;625000;62500000;
TARTINE;625020;62502000;
TARTINE;626010;62601000;
TARTINE;626020;62602000;
TARTINE;626040;62604000;
TARTINE;627200;62714000;
TARTINE;627300;62714000;
TARTINE;627400;62714000;
TARTINE;627500;62714000;
TARTINE;627600;62714000;
TARTINE;627900;62714000;
TARTINE;628010;62800000;
TARTINE;641000;64101000;
TARTINE;645100;64505000;
TARTINE;645200;64505000;
TARTINE;646000;64580000;
TARTINE;648000;64800000;
TARTINE;655000;65200000;
TARTINE;656000;65601000;
TARTINE;658000;65800000;
TARTINE;668000;66600000;
TARTINE;681000;68111000;
TARTINE;695000;69500000;
TARTINE;701000;70100000;
TARTINE;713000;71355000;
TARTINE;758000;75800000;
UNITED MALAGASY;10100000;10100000;
UNITED MALAGASY;11900000;11900000;
UNITED MALAGASY;12800000;12800000;
UNITED MALAGASY;21810000;21810000;
UNITED MALAGASY;21820000;21820000;
UNITED MALAGASY;21840000;21840000;
UNITED MALAGASY;28181000;28181000;
UNITED MALAGASY;28182000;28182000;
UNITED MALAGASY;28184000;28184000;
UNITED MALAGASY;40100000;40100000;
UNITED MALAGASY;40120000;40120000;
UNITED MALAGASY;40800000;40800000;
UNITED MALAGASY;41100000;41100000;
UNITED MALAGASY;41300000;41300000;
UNITED MALAGASY;42540000;42540000;
UNITED MALAGASY;42820000;42820000;
UNITED MALAGASY;43100000;43100000;
UNITED MALAGASY;43110000;43110000;
UNITED MALAGASY;43300000;43300000;
UNITED MALAGASY;43400000;43400000;
UNITED MALAGASY;43500000;43500000;
UNITED MALAGASY;43860000;43860000;
UNITED MALAGASY;44100000;44100000;
UNITED MALAGASY;44420000;44420000;
UNITED MALAGASY;44430000;44430000;
UNITED MALAGASY;44430000;44430000;
UNITED MALAGASY;44440000;44440000;
UNITED MALAGASY;44572000;44572000;
UNITED MALAGASY;44580000;44580000;
UNITED MALAGASY;45512000;45512000;
UNITED MALAGASY;46600000;46600000;
UNITED MALAGASY;46610001;46610000;
UNITED MALAGASY;46610070;46610000;
UNITED MALAGASY;46700005;46700005;
UNITED MALAGASY;46710070;46710070;
UNITED MALAGASY;46710130;46710130;
UNITED MALAGASY;46710190;46710170;
UNITED MALAGASY;46720020;46720000;
UNITED MALAGASY;46720084;46720084;
UNITED MALAGASY;46720085;46720084;
UNITED MALAGASY;46720089;46720089;
UNITED MALAGASY;46720090;46720090;
UNITED MALAGASY;46720096;46720090;
UNITED MALAGASY;48600000;48600000;
UNITED MALAGASY;51241000;51241000;
UNITED MALAGASY;53200000;53200000;
UNITED MALAGASY;60400000;60400000;
UNITED MALAGASY;60602000;60602000;
UNITED MALAGASY;60604000;60604000;
UNITED MALAGASY;60605000;60605000;
UNITED MALAGASY;60608000;60608000;
UNITED MALAGASY;61110000;61110000;
UNITED MALAGASY;61300000;61300000;
UNITED MALAGASY;61302000;61302000;
UNITED MALAGASY;61500000;61500000;
UNITED MALAGASY;61503000;61503000;
UNITED MALAGASY;61603000;61603000;
UNITED MALAGASY;61604000;61604000;
UNITED MALAGASY;61801000;61801000;
UNITED MALAGASY;61802000;61802000;
UNITED MALAGASY;62100000;62100000;
UNITED MALAGASY;62103000;62103000;
UNITED MALAGASY;62203000;62203000;
UNITED MALAGASY;62303000;62303000;
UNITED MALAGASY;62501000;62501000;
UNITED MALAGASY;62506000;62506000;
UNITED MALAGASY;62507000;62507000;
UNITED MALAGASY;62602000;62602000;
UNITED MALAGASY;62603000;62603000;
UNITED MALAGASY;62701000;62701000;
UNITED MALAGASY;62704000;62704000;
UNITED MALAGASY;62709000;62709000;
UNITED MALAGASY;62711000;62711000;
UNITED MALAGASY;62712000;62712000;
UNITED MALAGASY;62713000;62713000;
UNITED MALAGASY;63504000;63504000;
UNITED MALAGASY;63506000;63506000;
UNITED MALAGASY;63508000;63508000;
UNITED MALAGASY;64101000;64101000;
UNITED MALAGASY;64102000;64102000;
UNITED MALAGASY;64103000;64103000;
UNITED MALAGASY;64104000;64104000;
UNITED MALAGASY;64105000;64105000;
UNITED MALAGASY;64501000;64501000;
UNITED MALAGASY;64502000;64502000;
UNITED MALAGASY;64504000;64504000;
UNITED MALAGASY;64506000;64505000;
UNITED MALAGASY;64700000;64700000;
UNITED MALAGASY;65100000;65100000;
UNITED MALAGASY;65601000;65601000;
UNITED MALAGASY;65700000;65700000;
UNITED MALAGASY;65800000;65800000;
UNITED MALAGASY;66102000;66102000;
UNITED MALAGASY;68112000;68112000;
UNITED MALAGASY;6950000;69500000;
UNITED MALAGASY;70600000;70600000;
UNITED MALAGASY;70900000;70900000;
UNITED MALAGASY;75800000;75800000;
UNITED MALAGASY;75810000;75810000;
UNITED MALAGASY;75850000;75850000;
FLY TECH;1010000;10100000;
FLY TECH;1190000;11900000;
FLY TECH;1280000;12800000;
FLY TECH;2150000;21500000;
FLY TECH;2152000;21520000;
FLY TECH;2181000;21810000;
FLY TECH;2182000;21820000;
FLY TECH;2183000;21830000;
FLY TECH;2184000;21840000;
FLY TECH;2185000;21850000;
FLY TECH;2187000;21870000;
FLY TECH;2300000;23000000;
FLY TECH;2750000;27500000;
FLY TECH;2815000;28150000;
FLY TECH;2815200;28152000;
FLY TECH;2818100;28181000;
FLY TECH;2818200;28182000;
FLY TECH;2818300;28183000;
FLY TECH;2818400;28184000;
FLY TECH;2818500;28185000;
FLY TECH;2818700;28187000;
FLY TECH;3710000;37100000;
FLY TECH;3800000;38000000;
FLY TECH;4011000;40110000;
FLY TECH;4012000;40120000;
FLY TECH;4032000;40320000;
FLY TECH;4081000;40810000;
FLY TECH;4091000;40910000;
FLY TECH;4092000;40920000;
FLY TECH;4111000;41110000;
FLY TECH;4130000;41300000;
FLY TECH;4181000;41810000;
FLY TECH;4183000;41810000;
FLY TECH;4190000;41900000;
FLY TECH;4198000;41980000;
FLY TECH;4210000;42100000;
FLY TECH;4251000;42510000;
FLY TECH;4252000;42520000;
FLY TECH;4280000;42800000;
FLY TECH;4310000;43100000;
FLY TECH;4311000;43110000;
FLY TECH;4320000;43200000;
FLY TECH;4322000;43220000;
FLY TECH;4330000;43300000;
FLY TECH;4340000;43400000;
FLY TECH;4386000;43860000;
FLY TECH;4410000;44100000;
FLY TECH;4430000;44300000;
FLY TECH;4440000;44400000;
FLY TECH;4441000;44410000;
FLY TECH;4442000;44420000;
FLY TECH;4443000;44430000;
FLY TECH;4444000;44440000;
FLY TECH;4454000;44540000;
FLY TECH;4455000;44550000;
FLY TECH;4456100;44561000;
FLY TECH;4456200;44562000;
FLY TECH;4456300;44563000;
FLY TECH;4456400;44564000;
FLY TECH;4457100;44571000;
FLY TECH;4457200;44572000;
FLY TECH;4458300;44583000;
FLY TECH;4458400;44584000;
FLY TECH;4551100;45511000;
FLY TECH;4551200;45512000;
FLY TECH;4551300;45513000;
FLY TECH;4620000;46200000;
FLY TECH;4620000;46200000;
FLY TECH;4660000;46600000;
FLY TECH;4661000;46610000;
FLY TECH;4661000;46610000;
FLY TECH;4661000;46610000;
FLY TECH;4661000;46610000;
FLY TECH;4661000;46610000;
FLY TECH;4669999;46610000;
FLY TECH;4670000;46700000;
FLY TECH;4670000;46700000;
FLY TECH;4670000;46700000;
FLY TECH;4670000;46700000;
FLY TECH;4670000;46700000;
FLY TECH;4680000;46800000;
FLY TECH;4680000;46800000;
FLY TECH;4680000;46800000;
FLY TECH;4680000;46800000;
FLY TECH;4710000;47100000;
FLY TECH;4860000;48600000;
FLY TECH;5111000;51110000;
FLY TECH;5112221;51122410;
FLY TECH;5112241;51122410;
FLY TECH;5114000;51140000;
FLY TECH;5116000;51160000;
FLY TECH;5121100;51211000;
FLY TECH;5122100;51221000;
FLY TECH;5123100;51231000;
FLY TECH;5124100;51241000;
FLY TECH;5126000;51260000;
FLY TECH;5160000;51260000;
FLY TECH;5191000;51910000;
FLY TECH;5192000;51920000;
FLY TECH;5193000;51920000;
FLY TECH;5310000;53100000;
FLY TECH;5311000;53110000;
FLY TECH;5312000;53120000;
FLY TECH;5350000;53500000;
FLY TECH;5360000;53600000;
FLY TECH;5380000;53800000;
FLY TECH;5800000;58000000;
FLY TECH;6020100;60201000;
FLY TECH;6037000;60370000;
FLY TECH;6038000;60380000;
FLY TECH;6061000;60610000;
FLY TECH;6062000;60620000;
FLY TECH;6064000;60640000;
FLY TECH;6065000;60650000;
FLY TECH;6067000;60670000;
FLY TECH;6068000;60680000;
FLY TECH;6071000;60710000;
FLY TECH;6072000;60720000;
FLY TECH;6080100;60801000;
FLY TECH;6080200;60802000;
FLY TECH;6080300;60803000;
FLY TECH;6080400;60804000;
FLY TECH;6080600;60806000;
FLY TECH;6080700;60807000;
FLY TECH;6080800;60808000;
FLY TECH;6080900;60809000;
FLY TECH;6081100;60811000;
FLY TECH;6081110;60811100;
FLY TECH;6081200;60812000;
FLY TECH;6088000;60880000;
FLY TECH;6111000;61110000;
FLY TECH;6130000;61300000;
FLY TECH;6130100;61301000;
FLY TECH;6130200;61302000;
FLY TECH;6130210;61302000;
FLY TECH;6130220;61302000;
FLY TECH;6130230;61302000;
FLY TECH;6130240;61302000;
FLY TECH;6130260;61302000;
FLY TECH;6130300;61303000;
FLY TECH;6132700;61303000;
FLY TECH;6140000;61400000;
FLY TECH;6150000;61500000;
FLY TECH;6150100;61501000;
FLY TECH;6150200;61502000;
FLY TECH;6150300;61503000;
FLY TECH;6150400;61504000;
FLY TECH;6160100;61601000;
FLY TECH;6160200;61602000;
FLY TECH;6160300;61603000;
FLY TECH;6160400;61604000;
FLY TECH;6180100;61801000;
FLY TECH;6180200;61802000;
FLY TECH;6210000;62100000;
FLY TECH;6210200;62102000;
FLY TECH;6210300;62103000;
FLY TECH;6220100;62201000;
FLY TECH;6220300;62203000;
FLY TECH;6230100;62301000;
FLY TECH;6230200;62302000;
FLY TECH;6230300;62303000;
FLY TECH;6230400;62304000;
FLY TECH;6230500;62305000;
FLY TECH;6240100;62401000;
FLY TECH;6240200;62402000;
FLY TECH;6250100;62501000;
FLY TECH;6250400;62504000;
FLY TECH;6250500;62505000;
FLY TECH;6250600;62506000;
FLY TECH;6250700;62507000;
FLY TECH;6260200;62602000;
FLY TECH;6260300;62603000;
FLY TECH;6260400;62604000;
FLY TECH;6260500;62605000;
FLY TECH;6260600;62606000;
FLY TECH;6260700;62607000;
FLY TECH;6270100;62701000;
FLY TECH;6270200;62702000;
FLY TECH;6270300;62703000;
FLY TECH;6270400;62704000;
FLY TECH;6270500;62705000;
FLY TECH;6270600;62706000;
FLY TECH;6270800;62708000;
FLY TECH;6270900;62709000;
FLY TECH;6271000;62710000;
FLY TECH;6271100;62711000;
FLY TECH;6271200;62712000;
FLY TECH;6271300;62713000;
FLY TECH;6271400;62714000;
FLY TECH;6350100;63501000;
FLY TECH;6350300;63503000;
FLY TECH;6350400;63504000;
FLY TECH;6350500;63505000;
FLY TECH;6350600;63506000;
FLY TECH;6350800;63508000;
FLY TECH;6351000;63508000;
FLY TECH;6410100;64101000;
FLY TECH;6410200;64102000;
FLY TECH;6410300;64103000;
FLY TECH;6410400;64104000;
FLY TECH;6410500;64105000;
FLY TECH;6418000;64180000;
FLY TECH;6450100;64501000;
FLY TECH;6450200;64502000;
FLY TECH;6450300;64503000;
FLY TECH;6450400;64504000;
FLY TECH;6480100;64801000;
FLY TECH;6480200;64802000;
FLY TECH;6480300;64803000;
FLY TECH;6510000;65100000;
FLY TECH;6520000;65200000;
FLY TECH;6560100;65601000;
FLY TECH;6560200;65602000;
FLY TECH;6570000;65700000;
FLY TECH;6580000;65800000;
FLY TECH;6610100;66101000;
FLY TECH;6610200;66102000;
FLY TECH;6610300;66103000;
FLY TECH;6610400;66104000;
FLY TECH;6660000;66600000;
FLY TECH;6811200;68112000;
FLY TECH;6980000;69500000;
FLY TECH;6981000;69500000;
FLY TECH;7060000;70600000;
FLY TECH;7071000;70710000;
FLY TECH;7072000;70720000;
FLY TECH;7073000;70720000;
FLY TECH;7080000;70800000;
FLY TECH;7520000;75200000;
FLY TECH;7580000;75800000;
FLY TECH;7581000;75810000;
FLY TECH;7585000;75850000;
FLY TECH;7650000;76500000;
FLY TECH;7660000;76600000;
AMIP;10100000;10100000;
AMIP;11900000;11900000;
AMIP;12000000;12000000;
AMIP;12900000;12900000;
AMIP;21100000;21100000;
AMIP;40100000;40100000;
AMIP;44300000;44300000;
AMIP;44400000;44400000;
AMIP;44550000;44550000;
AMIP;45511000;45511000;
AMIP;46710070;46710070;
AMIP;51260000;51260000;
AMIP;53100000;53100000;
AMIP;62703000;62703000;
AMIP;69800000;69800000;
AMCHO;10100000;10100000;
AMCHO;10610000;10610000;
AMCHO;11000000;11000000;
AMCHO;11900000;11900000;
AMCHO;12000000;12000000;
AMCHO;12900000;12900000;
AMCHO;16440000;16440000;
AMCHO;16885000;16885000;
AMCHO;21310000;21310000;
AMCHO;21500000;21500000;
AMCHO;21520000;21520000;
AMCHO;21800000;21800000;
AMCHO;21810000;21810000;
AMCHO;21820000;21820000;
AMCHO;21830000;21830000;
AMCHO;21840000;21840000;
AMCHO;23100000;23100000;
AMCHO;23130000;23130000;
AMCHO;23140000;23140000;
AMCHO;27500000;27500000;
AMCHO;28130000;28130000;
AMCHO;28150000;28150000;
AMCHO;28152000;28152000;
AMCHO;28180000;28180000;
AMCHO;28181000;28181000;
AMCHO;28182000;28182000;
AMCHO;28183000;28183000;
AMCHO;28184000;28184000;
AMCHO;31100000;31100000;
AMCHO;32000000;31100000;
AMCHO;33100000;35500000;
AMCHO;35500000;35500000;
AMCHO;38000000;38000000;
AMCHO;40110000;40110000;
AMCHO;40120000;40120000;
AMCHO;40320000;40320000;
AMCHO;40330000;40330000;
AMCHO;40400000;40400000;
AMCHO;40800000;40800000;
AMCHO;40900000;40900000;
AMCHO;41100000;41100000;
AMCHO;41910000;41910000;
AMCHO;42100000;42100000;
AMCHO;42110000;42110000;
AMCHO;42500000;42500000;
AMCHO;42510000;42510000;
AMCHO;42520000;42520000;
AMCHO;42800000;42800000;
AMCHO;42810000;42800000;
AMCHO;43100000;43100000;
AMCHO;43110000;43110000;
AMCHO;43200000;43200000;
AMCHO;43300000;43300000;
AMCHO;43800000;43800000;
AMCHO;43860000;43860000;
AMCHO;44100000;44100000;
AMCHO;44300000;44300000;
AMCHO;44400000;44400000;
AMCHO;44410000;44410000;
AMCHO;44550000;44550000;
AMCHO;44551000;44562000;
AMCHO;44562000;44562000;
AMCHO;44564000;44564000;
AMCHO;44565000;44565000;
AMCHO;44571000;44571000;
AMCHO;44572000;44572000;
AMCHO;44580000;44580000;
AMCHO;44583000;44583000;
AMCHO;45511000;45511000;
AMCHO;45512000;45512000;
AMCHO;45513000;45513000;
AMCHO;46600000;46600000;
AMCHO;46610300;46600000;
AMCHO;46610700;46600000;
AMCHO;46620001;46600000;
AMCHO;46620003;46600000;
AMCHO;47100000;47100000;
AMCHO;48600000;48600000;
AMCHO;48700000;48700000;
AMCHO;51221000;51221000;
AMCHO;51223000;51223000;
AMCHO;51231000;51231000;
AMCHO;51233000;51231000;
AMCHO;51260000;51260000;
AMCHO;51261000;51261000;
AMCHO;51930000;51920000;
AMCHO;53100000;53100000;
AMCHO;58000000;58000000;
AMCHO;60101100;60100000;
AMCHO;60101201;60100000;
AMCHO;60101300;60100000;
AMCHO;60101400;60100000;
AMCHO;60101500;60100000;
AMCHO;60101501;60100000;
AMCHO;60101600;60100000;
AMCHO;60101700;60100000;
AMCHO;60102100;60100000;
AMCHO;60102110;60100000;
AMCHO;60102120;60100000;
AMCHO;60102200;60100000;
AMCHO;60102300;60100000;
AMCHO;60102400;60100000;
AMCHO;60102600;60100000;
AMCHO;60102601;60100000;
AMCHO;60102602;60100000;
AMCHO;60102700;60100000;
AMCHO;60102900;60100000;
AMCHO;60102910;60100000;
AMCHO;60102920;60100000;
AMCHO;60103101;60100000;
AMCHO;60103102;60100000;
AMCHO;60103103;60100000;
AMCHO;60103104;60100000;
AMCHO;60103105;60100000;
AMCHO;60103106;60100000;
AMCHO;60103109;60100000;
AMCHO;60103110;60100000;
AMCHO;60103111;60100000;
AMCHO;60103112;60100000;
AMCHO;60103113;60100000;
AMCHO;60103114;60100000;
AMCHO;60103115;60100000;
AMCHO;60103116;60100000;
AMCHO;60103117;60100000;
AMCHO;60103118;60100000;
AMCHO;60103119;60100000;
AMCHO;60103120;60100000;
AMCHO;60103121;60100000;
AMCHO;60103122;60100000;
AMCHO;60103210;60100000;
AMCHO;60103220;60100000;
AMCHO;60103240;60100000;
AMCHO;60103250;60100000;
AMCHO;60103260;60100000;
AMCHO;60103261;60100000;
AMCHO;60103300;60100000;
AMCHO;60103301;60100000;
AMCHO;60103302;60100000;
AMCHO;60103303;60100000;
AMCHO;60103400;60100000;
AMCHO;60103501;60100000;
AMCHO;60103502;60100000;
AMCHO;60103503;60100000;
AMCHO;60103504;60100000;
AMCHO;60103505;60100000;
AMCHO;60103506;60100000;
AMCHO;60103507;60100000;
AMCHO;60103508;60100000;
AMCHO;60103509;60100000;
AMCHO;60103510;60100000;
AMCHO;60103511;60100000;
AMCHO;60103512;60100000;
AMCHO;60103513;60100000;
AMCHO;60103514;60100000;
AMCHO;60103515;60100000;
AMCHO;60103516;60100000;
AMCHO;60103517;60100000;
AMCHO;60103518;60100000;
AMCHO;60103520;60100000;
AMCHO;60103521;60100000;
AMCHO;60103522;60100000;
AMCHO;60103523;60100000;
AMCHO;60103549;60100000;
AMCHO;60103550;60100000;
AMCHO;60103602;60100000;
AMCHO;60103603;60100000;
AMCHO;60103604;60100000;
AMCHO;60103605;60100000;
AMCHO;60103606;60100000;
AMCHO;60103607;60100000;
AMCHO;60103608;60100000;
AMCHO;60103611;60100000;
AMCHO;60103612;60100000;
AMCHO;60103613;60100000;
AMCHO;60103615;60100000;
AMCHO;60103616;60100000;
AMCHO;60103617;60100000;
AMCHO;60103618;60100000;
AMCHO;60103619;60100000;
AMCHO;60103622;60100000;
AMCHO;60103623;60100000;
AMCHO;60103624;60100000;
AMCHO;60103625;60100000;
AMCHO;60103626;60100000;
AMCHO;60103627;60100000;
AMCHO;60103628;60100000;
AMCHO;60103629;60100000;
AMCHO;60103650;60100000;
AMCHO;60103651;60100000;
AMCHO;60103652;60100000;
AMCHO;60103670;60100000;
AMCHO;60103901;60100000;
AMCHO;60103902;60100000;
AMCHO;60103903;60100000;
AMCHO;60103904;60100000;
AMCHO;60103905;60100000;
AMCHO;60103907;60100000;
AMCHO;60103908;60100000;
AMCHO;60103909;60100000;
AMCHO;60130619;60100000;
AMCHO;60201000;60201000;
AMCHO;60205300;60205300;
AMCHO;60206000;60206000;
AMCHO;60301000;60301000;
AMCHO;60332000;60301000;
AMCHO;60601000;60601000;
AMCHO;60602000;60602000;
AMCHO;60603000;60603000;
AMCHO;60604000;60604000;
AMCHO;60605000;60605000;
AMCHO;60607000;60607000;
AMCHO;60608000;60608000;
AMCHO;60609000;60609000;
AMCHO;60702000;60702000;
AMCHO;61301000;61301000;
AMCHO;61302000;61302000;
AMCHO;61303000;61303000;
AMCHO;61500000;61500000;
AMCHO;61501000;61501000;
AMCHO;61502000;61502000;
AMCHO;61505000;61505000;
AMCHO;61506000;61506000;
AMCHO;61601000;61601000;
AMCHO;61602000;61602000;
AMCHO;61604000;61604000;
AMCHO;61701000;61802000;
AMCHO;61802000;61802000;
AMCHO;62100000;62100000;
AMCHO;62101000;62101000;
AMCHO;62102000;62102000;
AMCHO;62108000;62102000;
AMCHO;62203000;62203000;
AMCHO;62204000;62204000;
AMCHO;62205000;62204000;
AMCHO;62206000;62206000;
AMCHO;62207000;62204000;
AMCHO;62208000;62208000;
AMCHO;62401000;62401000;
AMCHO;62402000;62402000;
AMCHO;62501000;62501000;
AMCHO;62504000;62504000;
AMCHO;62505000;62505000;
AMCHO;62506000;62506000;
AMCHO;62508000;62508000;
AMCHO;62602000;62602000;
AMCHO;62603000;62603000;
AMCHO;62604000;62604000;
AMCHO;62703000;62703000;
AMCHO;62704000;62704000;
AMCHO;62705000;62705000;
AMCHO;62706000;62706000;
AMCHO;62800000;62800000;
AMCHO;63501000;63501000;
AMCHO;63504000;63504000;
AMCHO;63506000;63506000;
AMCHO;63508000;63508000;
AMCHO;64101000;64101000;
AMCHO;64102000;64102000;
AMCHO;64103000;64103000;
AMCHO;64104000;64104000;
AMCHO;64105000;64105000;
AMCHO;64107000;64107000;
AMCHO;64180000;64180000;
AMCHO;64190000;64180000;
AMCHO;64501000;64501000;
AMCHO;64502000;64502000;
AMCHO;64505000;64505000;
AMCHO;64801000;64801000;
AMCHO;64809000;64801000;
AMCHO;65200000;65200000;
AMCHO;65601000;65601000;
AMCHO;65700000;65700000;
AMCHO;65800000;65800000;
AMCHO;66101000;66101000;
AMCHO;66102000;66102000;
AMCHO;66103000;66103000;
AMCHO;66600000;66600000;
AMCHO;68112000;68112000;
AMCHO;69500000;69500000;
AMCHO;70110000;70110000;
AMCHO;70130000;70110000;
AMCHO;71300000;71400000;
AMCHO;71400000;71400000;
AMCHO;75200000;75200000;
AMCHO;75800000;75800000;
AMCHO;75810000;75810000;
AMCHO;75830000;75830000;
AMCHO;75850000;75850000;
AMCHO;75860000;75850000;
AMCHO;76500000;76500000;
AMCHO;76600000;76600000;
